Date,Polarity_Sum,Polarity_Mean,Sentiment
2017-10-02,0.0,0.0,0
2017-10-03,0.0,0.0,0
2017-10-04,0.0,0.0,0
2017-10-05,0.0,0.0,0
2017-10-06,0.0,0.0,0
2017-10-07,0.0,0.0,0
2017-10-08,0.0,0.0,0
2017-10-09,0.0,0.0,0
2017-10-10,0.0,0.0,0
2017-10-11,0.0,0.0,0
2017-10-12,0.0,0.0,0
2017-10-13,0.0,0.0,0
2017-10-14,0.0,0.0,0
2017-10-15,0.0,0.0,0
2017-10-16,0.0,0.0,0
2017-10-17,0.0,0.0,0
2017-10-18,0.0,0.0,0
2017-10-19,0.0,0.0,0
2017-10-20,0.0,0.0,0
2017-10-21,0.0,0.0,0
2017-10-22,0.0,0.0,0
2017-10-23,0.0,0.0,0
2017-10-24,0.0,0.0,0
2017-10-25,0.0,0.0,0
2017-10-26,0.0,0.0,0
2017-10-27,0.0,0.0,0
2017-10-28,0.0,0.0,0
2017-10-29,0.0,0.0,0
2017-10-30,0.0,0.0,0
2017-10-31,0.0,0.0,0
2017-11-01,0.0,0.0,0
2017-11-02,0.0,0.0,0
2017-11-03,0.0,0.0,0
2017-11-04,0.0,0.0,0
2017-11-05,0.0,0.0,0
2017-11-06,0.0,0.0,0
2017-11-07,0.0,0.0,0
2017-11-08,0.0,0.0,0
2017-11-09,0.0,0.0,0
2017-11-10,0.0,0.0,0
2017-11-11,0.0,0.0,0
2017-11-12,0.0,0.0,0
2017-11-13,0.0,0.0,0
2017-11-14,0.0,0.0,0
2017-11-15,0.0,0.0,0
2017-11-16,0.0,0.0,0
2017-11-17,0.0,0.0,0
2017-11-18,0.0,0.0,0
2017-11-19,0.0,0.0,0
2017-11-20,0.0,0.0,0
2017-11-21,0.0,0.0,0
2017-11-22,0.0,0.0,0
2017-11-23,0.0,0.0,0
2017-11-24,0.0,0.0,0
2017-11-25,0.0,0.0,0
2017-11-26,0.0,0.0,0
2017-11-27,0.0,0.0,0
2017-11-28,0.0,0.0,0
2017-11-29,0.0,0.0,0
2017-11-30,0.0,0.0,0
2017-12-01,0.0,0.0,0
2017-12-02,0.0,0.0,0
2017-12-03,0.0,0.0,0
2017-12-04,0.0,0.0,0
2017-12-05,0.0,0.0,0
2017-12-06,0.0,0.0,0
2017-12-07,0.0,0.0,0
2017-12-08,0.0,0.0,0
2017-12-09,0.0,0.0,0
2017-12-10,0.0,0.0,0
2017-12-11,0.0,0.0,0
2017-12-12,0.0,0.0,0
2017-12-13,0.0,0.0,0
2017-12-14,0.0,0.0,0
2017-12-15,0.0,0.0,0
2017-12-16,0.0,0.0,0
2017-12-17,0.0,0.0,0
2017-12-18,0.0,0.0,0
2017-12-19,0.0,0.0,0
2017-12-20,0.0,0.0,0
2017-12-21,0.0,0.0,0
2017-12-22,0.0,0.0,0
2017-12-23,0.0,0.0,0
2017-12-24,0.0,0.0,0
2017-12-25,0.0,0.0,0
2017-12-26,0.0,0.0,0
2017-12-27,0.0,0.0,0
2017-12-28,0.0,0.0,0
2017-12-29,0.0,0.0,0
2017-12-30,0.0,0.0,0
2017-12-31,0.0,0.0,0
2018-01-01,0.0,0.0,0
2018-01-02,0.0,0.0,0
2018-01-03,0.0,0.0,0
2018-01-04,0.0,0.0,0
2018-01-05,0.0,0.0,0
2018-01-06,0.0,0.0,0
2018-01-07,0.0,0.0,0
2018-01-08,0.0,0.0,0
2018-01-09,0.0,0.0,0
2018-01-10,0.0,0.0,0
2018-01-11,0.0,0.0,0
2018-01-12,0.0,0.0,0
2018-01-13,0.0,0.0,0
2018-01-14,0.0,0.0,0
2018-01-15,0.0,0.0,0
2018-01-16,0.0,0.0,0
2018-01-17,0.0,0.0,0
2018-01-18,0.0,0.0,0
2018-01-19,0.0,0.0,0
2018-01-20,0.0,0.0,0
2018-01-21,0.0,0.0,0
2018-01-22,0.0,0.0,0
2018-01-23,0.0,0.0,0
2018-01-24,0.0,0.0,0
2018-01-25,0.0,0.0,0
2018-01-26,0.0,0.0,0
2018-01-27,0.0,0.0,0
2018-01-28,0.0,0.0,0
2018-01-29,0.0,0.0,0
2018-01-30,0.0,0.0,0
2018-01-31,0.0,0.0,0
2018-02-01,0.0,0.0,0
2018-02-02,0.0,0.0,0
2018-02-03,0.0,0.0,0
2018-02-04,0.0,0.0,0
2018-02-05,0.0,0.0,0
2018-02-06,0.0,0.0,0
2018-02-07,0.0,0.0,0
2018-02-08,0.0,0.0,0
2018-02-09,0.0,0.0,0
2018-02-10,0.0,0.0,0
2018-02-11,0.0,0.0,0
2018-02-12,0.0,0.0,0
2018-02-13,0.0,0.0,0
2018-02-14,0.0,0.0,0
2018-02-15,0.0,0.0,0
2018-02-16,0.0,0.0,0
2018-02-17,0.0,0.0,0
2018-02-18,0.0,0.0,0
2018-02-19,0.0,0.0,0
2018-02-20,0.0,0.0,0
2018-02-21,0.0,0.0,0
2018-02-22,0.0,0.0,0
2018-02-23,0.0,0.0,0
2018-02-24,0.0,0.0,0
2018-02-25,0.0,0.0,0
2018-02-26,0.0,0.0,0
2018-02-27,0.0,0.0,0
2018-02-28,0.0,0.0,0
2018-03-01,0.0,0.0,0
2018-03-02,0.0,0.0,0
2018-03-03,0.0,0.0,0
2018-03-04,0.0,0.0,0
2018-03-05,0.0,0.0,0
2018-03-06,0.0,0.0,0
2018-03-07,0.0,0.0,0
2018-03-08,0.0,0.0,0
2018-03-09,0.0,0.0,0
2018-03-10,0.0,0.0,0
2018-03-11,0.0,0.0,0
2018-03-12,0.0,0.0,0
2018-03-13,0.0,0.0,0
2018-03-14,0.0,0.0,0
2018-03-15,0.0,0.0,0
2018-03-16,0.0,0.0,0
2018-03-17,0.0,0.0,0
2018-03-18,0.0,0.0,0
2018-03-19,0.0,0.0,0
2018-03-20,0.0,0.0,0
2018-03-21,0.0,0.0,0
2018-03-22,0.0,0.0,0
2018-03-23,0.0,0.0,0
2018-03-24,0.0,0.0,0
2018-03-25,0.0,0.0,0
2018-03-26,0.0,0.0,0
2018-03-27,0.0,0.0,0
2018-03-28,0.0,0.0,0
2018-03-29,0.0,0.0,0
2018-03-30,0.0,0.0,0
2018-03-31,0.0,0.0,0
2018-04-01,0.0,0.0,0
2018-04-02,0.0,0.0,0
2018-04-03,0.0,0.0,0
2018-04-04,0.0,0.0,0
2018-04-05,0.0,0.0,0
2018-04-06,0.0,0.0,0
2018-04-07,0.0,0.0,0
2018-04-08,0.0,0.0,0
2018-04-09,0.0,0.0,0
2018-04-10,0.0,0.0,0
2018-04-11,0.0,0.0,0
2018-04-12,0.0,0.0,0
2018-04-13,0.0,0.0,0
2018-04-14,0.0,0.0,0
2018-04-15,0.0,0.0,0
2018-04-16,0.0,0.0,0
2018-04-17,0.0,0.0,0
2018-04-18,0.0,0.0,0
2018-04-19,0.0,0.0,0
2018-04-20,0.0,0.0,0
2018-04-21,0.0,0.0,0
2018-04-22,0.0,0.0,0
2018-04-23,0.0,0.0,0
2018-04-24,0.0,0.0,0
2018-04-25,0.0,0.0,0
2018-04-26,0.0,0.0,0
2018-04-27,0.0,0.0,0
2018-04-28,0.0,0.0,0
2018-04-29,0.0,0.0,0
2018-04-30,0.0,0.0,0
2018-05-01,0.0,0.0,0
2018-05-02,0.0,0.0,0
2018-05-03,0.0,0.0,0
2018-05-04,0.0,0.0,0
2018-05-05,0.0,0.0,0
2018-05-06,0.0,0.0,0
2018-05-07,0.0,0.0,0
2018-05-08,0.0,0.0,0
2018-05-09,0.0,0.0,0
2018-05-10,0.0,0.0,0
2018-05-11,0.0,0.0,0
2018-05-12,0.0,0.0,0
2018-05-13,0.0,0.0,0
2018-05-14,0.0,0.0,0
2018-05-15,0.0,0.0,0
2018-05-16,0.0,0.0,0
2018-05-17,0.0,0.0,0
2018-05-18,0.0,0.0,0
2018-05-19,0.0,0.0,0
2018-05-20,0.0,0.0,0
2018-05-21,0.0,0.0,0
2018-05-22,0.0,0.0,0
2018-05-23,0.0,0.0,0
2018-05-24,0.0,0.0,0
2018-05-25,0.0,0.0,0
2018-05-26,0.0,0.0,0
2018-05-27,0.0,0.0,0
2018-05-28,0.0,0.0,0
2018-05-29,0.0,0.0,0
2018-05-30,0.0,0.0,0
2018-05-31,0.0,0.0,0
2018-06-01,0.0,0.0,0
2018-06-02,0.0,0.0,0
2018-06-03,0.0,0.0,0
2018-06-04,0.0,0.0,0
2018-06-05,0.0,0.0,0
2018-06-06,0.0,0.0,0
2018-06-07,0.0,0.0,0
2018-06-08,0.0,0.0,0
2018-06-09,0.0,0.0,0
2018-06-10,0.0,0.0,0
2018-06-11,0.0,0.0,0
2018-06-12,0.0,0.0,0
2018-06-13,0.0,0.0,0
2018-06-14,0.0,0.0,0
2018-06-15,0.0,0.0,0
2018-06-16,0.0,0.0,0
2018-06-17,0.0,0.0,0
2018-06-18,0.0,0.0,0
2018-06-19,0.0,0.0,0
2018-06-20,0.0,0.0,0
2018-06-21,0.0,0.0,0
2018-06-22,0.0,0.0,0
2018-06-23,0.0,0.0,0
2018-06-24,0.0,0.0,0
2018-06-25,0.0,0.0,0
2018-06-26,0.0,0.0,0
2018-06-27,0.0,0.0,0
2018-06-28,0.0,0.0,0
2018-06-29,0.0,0.0,0
2018-06-30,0.0,0.0,0
2018-07-01,0.0,0.0,0
2018-07-02,0.0,0.0,0
2018-07-03,0.0,0.0,0
2018-07-04,0.0,0.0,0
2018-07-05,0.0,0.0,0
2018-07-06,0.0,0.0,0
2018-07-07,0.0,0.0,0
2018-07-08,0.0,0.0,0
2018-07-09,0.0,0.0,0
2018-07-10,0.0,0.0,0
2018-07-11,0.0,0.0,0
2018-07-12,0.0,0.0,0
2018-07-13,0.0,0.0,0
2018-07-14,0.0,0.0,0
2018-07-15,0.0,0.0,0
2018-07-16,0.0,0.0,0
2018-07-17,0.0,0.0,0
2018-07-18,0.0,0.0,0
2018-07-19,0.0,0.0,0
2018-07-20,0.0,0.0,0
2018-07-21,0.0,0.0,0
2018-07-22,0.0,0.0,0
2018-07-23,0.0,0.0,0
2018-07-24,0.0,0.0,0
2018-07-25,0.0,0.0,0
2018-07-26,0.0,0.0,0
2018-07-27,0.0,0.0,0
2018-07-28,0.0,0.0,0
2018-07-29,0.0,0.0,0
2018-07-30,0.0,0.0,0
2018-07-31,0.0,0.0,0
2018-08-01,0.0,0.0,0
2018-08-02,0.0,0.0,0
2018-08-03,0.0,0.0,0
2018-08-04,0.0,0.0,0
2018-08-05,0.0,0.0,0
2018-08-06,0.0,0.0,0
2018-08-07,0.0,0.0,0
2018-08-08,0.0,0.0,0
2018-08-09,0.0,0.0,0
2018-08-10,0.0,0.0,0
2018-08-11,0.0,0.0,0
2018-08-12,0.0,0.0,0
2018-08-13,0.0,0.0,0
2018-08-14,0.0,0.0,0
2018-08-15,0.0,0.0,0
2018-08-16,0.0,0.0,0
2018-08-17,0.0,0.0,0
2018-08-18,0.0,0.0,0
2018-08-19,0.0,0.0,0
2018-08-20,0.0,0.0,0
2018-08-21,0.0,0.0,0
2018-08-22,0.0,0.0,0
2018-08-23,0.0,0.0,0
2018-08-24,0.0,0.0,0
2018-08-25,0.0,0.0,0
2018-08-26,0.0,0.0,0
2018-08-27,0.0,0.0,0
2018-08-28,0.0,0.0,0
2018-08-29,0.0,0.0,0
2018-08-30,0.0,0.0,0
2018-08-31,0.0,0.0,0
2018-09-01,0.0,0.0,0
2018-09-02,0.0,0.0,0
2018-09-03,0.0,0.0,0
2018-09-04,0.0,0.0,0
2018-09-05,0.0,0.0,0
2018-09-06,0.0,0.0,0
2018-09-07,0.0,0.0,0
2018-09-08,0.0,0.0,0
2018-09-09,0.0,0.0,0
2018-09-10,0.0,0.0,0
2018-09-11,0.0,0.0,0
2018-09-12,0.0,0.0,0
2018-09-13,0.0,0.0,0
2018-09-14,0.0,0.0,0
2018-09-15,0.0,0.0,0
2018-09-16,0.0,0.0,0
2018-09-17,0.0,0.0,0
2018-09-18,0.0,0.0,0
2018-09-19,0.0,0.0,0
2018-09-20,0.0,0.0,0
2018-09-21,0.0,0.0,0
2018-09-22,0.0,0.0,0
2018-09-23,0.0,0.0,0
2018-09-24,0.0,0.0,0
2018-09-25,0.0,0.0,0
2018-09-26,0.0,0.0,0
2018-09-27,0.0,0.0,0
2018-09-28,0.0,0.0,0
2018-09-29,0.0,0.0,0
2018-09-30,0.0,0.0,0
2018-10-01,0.0,0.0,0
2018-10-02,0.0,0.0,0
2018-10-03,0.0,0.0,0
2018-10-04,0.0,0.0,0
2018-10-05,0.0,0.0,0
2018-10-06,0.0,0.0,0
2018-10-07,0.0,0.0,0
2018-10-08,0.0,0.0,0
2018-10-09,0.0,0.0,0
2018-10-10,0.0,0.0,0
2018-10-11,0.0,0.0,0
2018-10-12,0.0,0.0,0
2018-10-13,0.0,0.0,0
2018-10-14,0.0,0.0,0
2018-10-15,0.0,0.0,0
2018-10-16,0.0,0.0,0
2018-10-17,0.0,0.0,0
2018-10-18,0.0,0.0,0
2018-10-19,0.0,0.0,0
2018-10-20,0.0,0.0,0
2018-10-21,0.0,0.0,0
2018-10-22,0.0,0.0,0
2018-10-23,0.0,0.0,0
2018-10-24,0.0,0.0,0
2018-10-25,0.0,0.0,0
2018-10-26,0.0,0.0,0
2018-10-27,0.0,0.0,0
2018-10-28,0.0,0.0,0
2018-10-29,0.0,0.0,0
2018-10-30,0.0,0.0,0
2018-10-31,0.0,0.0,0
2018-11-01,0.0,0.0,0
2018-11-02,0.0,0.0,0
2018-11-03,0.0,0.0,0
2018-11-04,0.0,0.0,0
2018-11-05,0.0,0.0,0
2018-11-06,0.0,0.0,0
2018-11-07,0.0,0.0,0
2018-11-08,0.0,0.0,0
2018-11-09,0.0,0.0,0
2018-11-10,0.0,0.0,0
2018-11-11,0.0,0.0,0
2018-11-12,0.0,0.0,0
2018-11-13,0.0,0.0,0
2018-11-14,0.0,0.0,0
2018-11-15,0.0,0.0,0
2018-11-16,0.0,0.0,0
2018-11-17,0.0,0.0,0
2018-11-18,0.0,0.0,0
2018-11-19,0.0,0.0,0
2018-11-20,0.0,0.0,0
2018-11-21,0.0,0.0,0
2018-11-22,0.0,0.0,0
2018-11-23,0.0,0.0,0
2018-11-24,0.0,0.0,0
2018-11-25,0.0,0.0,0
2018-11-26,0.0,0.0,0
2018-11-27,0.0,0.0,0
2018-11-28,0.0,0.0,0
2018-11-29,0.0,0.0,0
2018-11-30,0.0,0.0,0
2018-12-01,0.0,0.0,0
2018-12-02,0.0,0.0,0
2018-12-03,0.0,0.0,0
2018-12-04,0.0,0.0,0
2018-12-05,0.0,0.0,0
2018-12-06,0.0,0.0,0
2018-12-07,0.0,0.0,0
2018-12-08,0.0,0.0,0
2018-12-09,0.0,0.0,0
2018-12-10,0.0,0.0,0
2018-12-11,0.0,0.0,0
2018-12-12,0.0,0.0,0
2018-12-13,0.0,0.0,0
2018-12-14,0.0,0.0,0
2018-12-15,0.0,0.0,0
2018-12-16,0.0,0.0,0
2018-12-17,0.0,0.0,0
2018-12-18,0.0,0.0,0
2018-12-19,0.0,0.0,0
2018-12-20,0.0,0.0,0
2018-12-21,0.0,0.0,0
2018-12-22,0.0,0.0,0
2018-12-23,0.0,0.0,0
2018-12-24,0.0,0.0,0
2018-12-25,0.0,0.0,0
2018-12-26,0.0,0.0,0
2018-12-27,0.0,0.0,0
2018-12-28,0.0,0.0,0
2018-12-29,0.0,0.0,0
2018-12-30,0.0,0.0,0
2018-12-31,0.0,0.0,0
2019-01-01,0.0,0.0,0
2019-01-02,0.0,0.0,0
2019-01-03,0.0,0.0,0
2019-01-04,0.0,0.0,0
2019-01-05,0.0,0.0,0
2019-01-06,0.0,0.0,0
2019-01-07,0.0,0.0,0
2019-01-08,0.0,0.0,0
2019-01-09,0.0,0.0,0
2019-01-10,0.0,0.0,0
2019-01-11,0.0,0.0,0
2019-01-12,0.0,0.0,0
2019-01-13,0.0,0.0,0
2019-01-14,0.0,0.0,0
2019-01-15,0.0,0.0,0
2019-01-16,0.0,0.0,0
2019-01-17,0.0,0.0,0
2019-01-18,0.0,0.0,0
2019-01-19,0.0,0.0,0
2019-01-20,0.0,0.0,0
2019-01-21,0.0,0.0,0
2019-01-22,0.0,0.0,0
2019-01-23,0.0,0.0,0
2019-01-24,0.0,0.0,0
2019-01-25,0.0,0.0,0
2019-01-26,0.0,0.0,0
2019-01-27,0.0,0.0,0
2019-01-28,0.0,0.0,0
2019-01-29,0.0,0.0,0
2019-01-30,0.0,0.0,0
2019-01-31,0.0,0.0,0
2019-02-01,0.0,0.0,0
2019-02-02,0.0,0.0,0
2019-02-03,0.0,0.0,0
2019-02-04,0.0,0.0,0
2019-02-05,0.0,0.0,0
2019-02-06,0.0,0.0,0
2019-02-07,0.0,0.0,0
2019-02-08,0.0,0.0,0
2019-02-09,0.0,0.0,0
2019-02-10,0.0,0.0,0
2019-02-11,0.0,0.0,0
2019-02-12,0.0,0.0,0
2019-02-13,0.0,0.0,0
2019-02-14,0.0,0.0,0
2019-02-15,0.0,0.0,0
2019-02-16,0.0,0.0,0
2019-02-17,0.0,0.0,0
2019-02-18,0.0,0.0,0
2019-02-19,0.0,0.0,0
2019-02-20,0.0,0.0,0
2019-02-21,0.0,0.0,0
2019-02-22,0.0,0.0,0
2019-02-23,0.0,0.0,0
2019-02-24,0.0,0.0,0
2019-02-25,0.0,0.0,0
2019-02-26,0.0,0.0,0
2019-02-27,0.0,0.0,0
2019-02-28,-0.4,-0.1,-1
2019-03-01,0.0,0.0,0
2019-03-02,0.0,0.0,0
2019-03-03,0.0,0.0,0
2019-03-04,0.0,0.0,0
2019-03-05,0.0,0.0,0
2019-03-06,0.0,0.0,0
2019-03-07,0.0,0.0,0
2019-03-08,0.0,0.0,0
2019-03-09,0.0,0.0,0
2019-03-10,0.0,0.0,0
2019-03-11,0.0,0.0,0
2019-03-12,0.0,0.0,0
2019-03-13,0.0,0.0,0
2019-03-14,0.0,0.0,0
2019-03-15,0.0,0.0,0
2019-03-16,0.0,0.0,0
2019-03-17,0.0,0.0,0
2019-03-18,0.0,0.0,0
2019-03-19,0.0,0.0,0
2019-03-20,0.0,0.0,0
2019-03-21,0.0,0.0,0
2019-03-22,0.0,0.0,0
2019-03-23,0.0,0.0,0
2019-03-24,0.0,0.0,0
2019-03-25,0.0,0.0,0
2019-03-26,0.0,0.0,0
2019-03-27,0.0,0.0,0
2019-03-28,0.0,0.0,0
2019-03-29,0.0,0.0,0
2019-03-30,0.0,0.0,0
2019-03-31,0.0,0.0,0
2019-04-01,0.0,0.0,0
2019-04-02,0.0,0.0,0
2019-04-03,0.0,0.0,0
2019-04-04,0.0,0.0,0
2019-04-05,0.0,0.0,0
2019-04-06,0.0,0.0,0
2019-04-07,0.0,0.0,0
2019-04-08,0.0,0.0,0
2019-04-09,0.0,0.0,0
2019-04-10,0.0,0.0,0
2019-04-11,0.0,0.0,0
2019-04-12,0.0,0.0,0
2019-04-13,0.0,0.0,0
2019-04-14,0.0,0.0,0
2019-04-15,0.0,0.0,0
2019-04-16,0.0,0.0,0
2019-04-17,0.0,0.0,0
2019-04-18,0.0,0.0,0
2019-04-19,0.0,0.0,0
2019-04-20,0.0,0.0,0
2019-04-21,0.0,0.0,0
2019-04-22,0.0,0.0,0
2019-04-23,0.0,0.0,0
2019-04-24,0.0,0.0,0
2019-04-25,0.0,0.0,0
2019-04-26,0.0,0.0,0
2019-04-27,0.0,0.0,0
2019-04-28,0.0,0.0,0
2019-04-29,0.0,0.0,0
2019-04-30,0.0,0.0,0
2019-05-01,0.0,0.0,0
2019-05-02,0.0,0.0,0
2019-05-03,0.0,0.0,0
2019-05-04,0.0,0.0,0
2019-05-05,0.0,0.0,0
2019-05-06,0.0,0.0,0
2019-05-07,0.0,0.0,0
2019-05-08,0.0,0.0,0
2019-05-09,0.0,0.0,0
2019-05-10,0.0,0.0,0
2019-05-11,0.0,0.0,0
2019-05-12,0.0,0.0,0
2019-05-13,0.0,0.0,0
2019-05-14,0.0,0.0,0
2019-05-15,0.0,0.0,0
2019-05-16,0.0,0.0,0
2019-05-17,0.0,0.0,0
2019-05-18,0.0,0.0,0
2019-05-19,0.0,0.0,0
2019-05-20,0.0,0.0,0
2019-05-21,0.0,0.0,0
2019-05-22,0.0,0.0,0
2019-05-23,0.0,0.0,0
2019-05-24,0.0,0.0,0
2019-05-25,0.0,0.0,0
2019-05-26,0.0,0.0,0
2019-05-27,0.0,0.0,0
2019-05-28,0.0,0.0,0
2019-05-29,0.0,0.0,0
2019-05-30,0.0,0.0,0
2019-05-31,0.0,0.0,0
2019-06-01,0.0,0.0,0
2019-06-02,0.0,0.0,0
2019-06-03,0.0,0.0,0
2019-06-04,0.0,0.0,0
2019-06-05,0.0,0.0,0
2019-06-06,0.0,0.0,0
2019-06-07,0.0,0.0,0
2019-06-08,0.0,0.0,0
2019-06-09,0.0,0.0,0
2019-06-10,0.0,0.0,0
2019-06-11,0.0,0.0,0
2019-06-12,0.0,0.0,0
2019-06-13,0.0,0.0,0
2019-06-14,0.0,0.0,0
2019-06-15,0.0,0.0,0
2019-06-16,0.0,0.0,0
2019-06-17,0.0,0.0,0
2019-06-18,0.0,0.0,0
2019-06-19,0.0,0.0,0
2019-06-20,0.0,0.0,0
2019-06-21,0.0,0.0,0
2019-06-22,0.0,0.0,0
2019-06-23,0.0,0.0,0
2019-06-24,0.0,0.0,0
2019-06-25,0.0,0.0,0
2019-06-26,0.0,0.0,0
2019-06-27,0.0,0.0,0
2019-06-28,0.0,0.0,0
2019-06-29,0.0,0.0,0
2019-06-30,0.0,0.0,0
2019-07-01,0.0,0.0,0
2019-07-02,0.0,0.0,0
2019-07-03,0.0,0.0,0
2019-07-04,0.0,0.0,0
2019-07-05,0.0,0.0,0
2019-07-06,0.0,0.0,0
2019-07-07,0.0,0.0,0
2019-07-08,0.0,0.0,0
2019-07-09,0.0,0.0,0
2019-07-10,0.0,0.0,0
2019-07-11,0.0,0.0,0
2019-07-12,0.0,0.0,0
2019-07-13,0.0,0.0,0
2019-07-14,0.0,0.0,0
2019-07-15,0.0,0.0,0
2019-07-16,0.0,0.0,0
2019-07-17,0.0,0.0,0
2019-07-18,0.0,0.0,0
2019-07-19,0.0,0.0,0
2019-07-20,0.0,0.0,0
2019-07-21,0.0,0.0,0
2019-07-22,0.0,0.0,0
2019-07-23,0.0,0.0,0
2019-07-24,0.0,0.0,0
2019-07-25,0.0,0.0,0
2019-07-26,0.0,0.0,0
2019-07-27,0.0,0.0,0
2019-07-28,0.0,0.0,0
2019-07-29,0.0,0.0,0
2019-07-30,0.0,0.0,0
2019-07-31,0.25,0.25,0
2019-08-01,0.0,0.0,0
2019-08-02,0.0,0.0,0
2019-08-03,0.0,0.0,0
2019-08-04,0.0,0.0,0
2019-08-05,0.0,0.0,0
2019-08-06,0.0,0.0,0
2019-08-07,0.0,0.0,0
2019-08-08,0.0,0.0,0
2019-08-09,0.0,0.0,0
2019-08-10,0.0,0.0,0
2019-08-11,0.0,0.0,0
2019-08-12,0.0,0.0,0
2019-08-13,0.0,0.0,0
2019-08-14,0.0,0.0,0
2019-08-15,0.0,0.0,0
2019-08-16,0.0,0.0,0
2019-08-17,0.0,0.0,0
2019-08-18,0.0,0.0,0
2019-08-19,0.0,0.0,0
2019-08-20,0.0,0.0,0
2019-08-21,0.0,0.0,0
2019-08-22,0.0,0.0,0
2019-08-23,0.0,0.0,0
2019-08-24,0.0,0.0,0
2019-08-25,0.0,0.0,0
2019-08-26,0.0,0.0,0
2019-08-27,0.0,0.0,0
2019-08-28,0.0,0.0,0
2019-08-29,0.0,0.0,0
2019-08-30,0.0,0.0,0
2019-08-31,0.0,0.0,0
2019-09-01,0.0,0.0,0
2019-09-02,0.0,0.0,0
2019-09-03,0.0,0.0,0
2019-09-04,0.0,0.0,0
2019-09-05,0.0,0.0,0
2019-09-06,0.0,0.0,0
2019-09-07,0.0,0.0,0
2019-09-08,0.0,0.0,0
2019-09-09,0.0,0.0,0
2019-09-10,0.0,0.0,0
2019-09-11,0.0,0.0,0
2019-09-12,0.0,0.0,0
2019-09-13,0.0,0.0,0
2019-09-14,0.0,0.0,0
2019-09-15,-0.5,-0.5,-1
2019-09-16,0.0,0.0,0
2019-09-17,0.0,0.0,0
2019-09-18,0.0,0.0,0
2019-09-19,0.0,0.0,0
2019-09-20,0.0,0.0,0
2019-09-21,0.0,0.0,0
2019-09-22,0.0,0.0,0
2019-09-23,0.0,0.0,0
2019-09-24,0.0,0.0,0
2019-09-25,0.0,0.0,0
2019-09-26,0.0,0.0,0
2019-09-27,0.0,0.0,0
2019-09-28,0.0,0.0,0
2019-09-29,0.0,0.0,0
2019-09-30,0.0,0.0,0
2019-10-01,0.0,0.0,0
2019-10-02,0.0,0.0,0
2019-10-03,0.0,0.0,0
2019-10-04,0.0,0.0,0
2019-10-05,0.0,0.0,0
2019-10-06,0.0,0.0,0
2019-10-07,0.0,0.0,0
2019-10-08,0.0,0.0,0
2019-10-09,0.0,0.0,0
2019-10-10,0.0,0.0,0
2019-10-11,0.0,0.0,0
2019-10-12,0.0,0.0,0
2019-10-13,0.0,0.0,0
2019-10-14,0.0,0.0,0
2019-10-15,0.0,0.0,0
2019-10-16,-0.62,-0.62,-1
2019-10-17,0.0,0.0,0
2019-10-18,0.0,0.0,0
2019-10-19,0.0,0.0,0
2019-10-20,0.0,0.0,0
2019-10-21,0.0,0.0,0
2019-10-22,0.0,0.0,0
2019-10-23,0.0,0.0,0
2019-10-24,0.0,0.0,0
2019-10-25,0.0,0.0,0
2019-10-26,0.0,0.0,0
2019-10-27,0.0,0.0,0
2019-10-28,0.0,0.0,0
2019-10-29,0.0,0.0,0
2019-10-30,0.0,0.0,0
2019-10-31,0.0,0.0,0
2019-11-01,0.0,0.0,0
2019-11-02,0.0,0.0,0
2019-11-03,0.0,0.0,0
2019-11-04,0.0,0.0,0
2019-11-05,0.0,0.0,0
2019-11-06,0.0,0.0,0
2019-11-07,0.0,0.0,0
2019-11-08,0.0,0.0,0
2019-11-09,0.0,0.0,0
2019-11-10,0.0,0.0,0
2019-11-11,0.0,0.0,0
2019-11-12,0.0,0.0,0
2019-11-13,0.0,0.0,0
2019-11-14,0.0,0.0,0
2019-11-15,0.0,0.0,0
2019-11-16,0.0,0.0,0
2019-11-17,0.0,0.0,0
2019-11-18,0.0,0.0,0
2019-11-19,-0.1,-0.1,-1
2019-11-20,0.0,0.0,0
2019-11-21,0.0,0.0,0
2019-11-22,0.0,0.0,0
2019-11-23,0.0,0.0,0
2019-11-24,0.0,0.0,0
2019-11-25,0.0,0.0,0
2019-11-26,0.0,0.0,0
2019-11-27,0.0,0.0,0
2019-11-28,0.0,0.0,0
2019-11-29,0.0,0.0,0
2019-11-30,0.0,0.0,0
2019-12-01,0.0,0.0,0
2019-12-02,0.0,0.0,0
2019-12-03,0.0,0.0,0
2019-12-04,0.36,0.36,0
2019-12-05,0.0,0.0,0
2019-12-06,0.0,0.0,0
2019-12-07,0.0,0.0,0
2019-12-08,0.0,0.0,0
2019-12-09,0.0,0.0,0
2019-12-10,0.0,0.0,0
2019-12-11,0.0,0.0,0
2019-12-12,0.0,0.0,0
2019-12-13,0.6,0.6,0
2019-12-14,0.0,0.0,0
2019-12-15,0.0,0.0,0
2019-12-16,0.0,0.0,0
2019-12-17,0.0,0.0,0
2019-12-18,0.0,0.0,0
2019-12-19,0.0,0.0,0
2019-12-20,0.0,0.0,0
2019-12-21,0.0,0.0,0
2019-12-22,0.0,0.0,0
2019-12-23,0.0,0.0,0
2019-12-24,0.0,0.0,0
2019-12-25,0.0,0.0,0
2019-12-26,0.0,0.0,0
2019-12-27,0.0,0.0,0
2019-12-28,0.0,0.0,0
2019-12-29,0.0,0.0,0
2019-12-30,0.0,0.0,0
2019-12-31,0.0,0.0,0
2020-01-01,0.0,0.0,0
2020-01-02,0.0,0.0,0
2020-01-03,0.0,0.0,0
2020-01-04,0.0,0.0,0
2020-01-05,0.0,0.0,0
2020-01-06,0.0,0.0,0
2020-01-07,0.0,0.0,0
2020-01-08,0.0,0.0,0
2020-01-09,0.0,0.0,0
2020-01-10,0.0,0.0,0
2020-01-11,0.0,0.0,0
2020-01-12,0.0,0.0,0
2020-01-13,0.0,0.0,0
2020-01-14,0.0,0.0,0
2020-01-15,0.0,0.0,0
2020-01-16,0.0,0.0,0
2020-01-17,0.0,0.0,0
2020-01-18,0.0,0.0,0
2020-01-19,0.0,0.0,0
2020-01-20,0.0,0.0,0
2020-01-21,0.0,0.0,0
2020-01-22,0.0,0.0,0
2020-01-23,0.0,0.0,0
2020-01-24,0.0,0.0,0
2020-01-25,0.0,0.0,0
2020-01-26,0.0,0.0,0
2020-01-27,0.25,0.25,0
2020-01-28,0.0,0.0,0
2020-01-29,0.0,0.0,0
2020-01-30,0.0,0.0,0
2020-01-31,0.0,0.0,0
2020-02-01,0.0,0.0,0
2020-02-02,0.0,0.0,0
2020-02-03,0.0,0.0,0
2020-02-04,0.0,0.0,0
2020-02-05,0.0,0.0,0
2020-02-06,0.0,0.0,0
2020-02-07,0.0,0.0,0
2020-02-08,0.0,0.0,0
2020-02-09,0.0,0.0,0
2020-02-10,0.0,0.0,0
2020-02-11,0.0,0.0,0
2020-02-12,0.0,0.0,0
2020-02-13,0.0,0.0,0
2020-02-14,0.0,0.0,0
2020-02-15,0.0,0.0,0
2020-02-16,0.0,0.0,0
2020-02-17,0.0,0.0,0
2020-02-18,0.0,0.0,0
2020-02-19,0.0,0.0,0
2020-02-20,0.0,0.0,0
2020-02-21,0.0,0.0,0
2020-02-22,0.0,0.0,0
2020-02-23,0.0,0.0,0
2020-02-24,0.0,0.0,0
2020-02-25,0.0,0.0,0
2020-02-26,0.0,0.0,0
2020-02-27,0.0,0.0,0
2020-02-28,0.0,0.0,0
2020-02-29,0.0,0.0,0
2020-03-01,0.0,0.0,0
2020-03-02,0.0,0.0,0
2020-03-03,0.0,0.0,0
2020-03-04,0.0,0.0,0
2020-03-05,0.0,0.0,0
2020-03-06,0.0,0.0,0
2020-03-07,0.0,0.0,0
2020-03-08,0.0,0.0,0
2020-03-09,0.0,0.0,0
2020-03-10,0.0,0.0,0
2020-03-11,0.0,0.0,0
2020-03-12,0.0,0.0,0
2020-03-13,0.0,0.0,0
2020-03-14,0.0,0.0,0
2020-03-15,0.0,0.0,0
2020-03-16,0.18,0.18,0
2020-03-17,0.0,0.0,0
2020-03-18,0.0,0.0,0
2020-03-19,0.0,0.0,0
2020-03-20,-0.4,-0.4,-1
2020-03-21,0.0,0.0,0
2020-03-22,0.0,0.0,0
2020-03-23,0.0,0.0,0
2020-03-24,0.6,0.6,0
2020-03-25,0.0,0.0,0
2020-03-26,0.0,0.0,0
2020-03-27,0.0,0.0,0
2020-03-28,0.0,0.0,0
2020-03-29,0.0,0.0,0
2020-03-30,0.0,0.0,0
2020-03-31,0.0,0.0,0
2020-04-01,0.0,0.0,0
2020-04-02,0.0,0.0,0
2020-04-03,0.0,0.0,0
2020-04-04,0.0,0.0,0
2020-04-05,0.0,0.0,0
2020-04-06,0.15,0.15,0
2020-04-07,0.0,0.0,0
2020-04-08,0.0,0.0,0
2020-04-09,0.0,0.0,0
2020-04-10,0.0,0.0,0
2020-04-11,0.0,0.0,0
2020-04-12,0.0,0.0,0
2020-04-13,0.0,0.0,0
2020-04-14,0.0,0.0,0
2020-04-15,0.0,0.0,0
2020-04-16,0.0,0.0,0
2020-04-17,0.0,0.0,0
2020-04-18,0.0,0.0,0
2020-04-19,0.0,0.0,0
2020-04-20,0.0,0.0,0
2020-04-21,0.0,0.0,0
2020-04-22,0.0,0.0,0
2020-04-23,0.0,0.0,0
2020-04-24,0.0,0.0,0
2020-04-25,0.39,0.39,0
2020-04-26,0.0,0.0,0
2020-04-27,0.5,0.5,0
2020-04-28,-0.6,-0.6,-1
2020-04-29,0.0,0.0,0
2020-04-30,0.6,0.6,0
2020-05-01,0.0,0.0,0
2020-05-02,0.0,0.0,0
2020-05-03,0.0,0.0,0
2020-05-04,0.0,0.0,0
2020-05-05,0.0,0.0,0
2020-05-06,0.31,0.31,0
2020-05-07,0.0,0.0,0
2020-05-08,0.0,0.0,0
2020-05-09,0.21,0.21,0
2020-05-10,0.28,0.28,0
2020-05-11,0.0,0.0,0
2020-05-12,0.0,0.0,0
2020-05-13,0.0,0.0,0
2020-05-14,0.0,0.0,0
2020-05-15,0.0,0.0,0
2020-05-16,0.0,0.0,0
2020-05-17,0.0,0.0,0
2020-05-18,0.5,0.5,0
2020-05-19,-0.5,-0.25,-1
2020-05-20,0.0,0.0,0
2020-05-21,0.0,0.0,0
2020-05-22,0.0,0.0,0
2020-05-23,0.0,0.0,0
2020-05-24,0.0,0.0,0
2020-05-25,0.0,0.0,0
2020-05-26,0.0,0.0,0
2020-05-27,0.5,0.5,0
2020-05-28,-0.13,-0.13,-1
2020-05-29,0.0,0.0,0
2020-05-30,0.0,0.0,0
2020-05-31,0.0,0.0,0
2020-06-01,0.0,0.0,0
2020-06-02,0.0,0.0,0
2020-06-03,0.0,0.0,0
2020-06-04,0.43,0.43,0
2020-06-05,0.0,0.0,0
2020-06-06,0.0,0.0,0
2020-06-07,0.0,0.0,0
2020-06-08,-0.2,-0.2,-1
2020-06-09,0.0,0.0,0
2020-06-10,0.0,0.0,0
2020-06-11,0.0,0.0,0
2020-06-12,0.75,0.37,0
2020-06-13,-0.4,-0.13,-1
2020-06-14,0.0,0.0,0
2020-06-15,0.0,0.0,0
2020-06-16,0.0,0.0,0
2020-06-17,0.0,0.0,0
2020-06-18,0.0,0.0,0
2020-06-19,0.0,0.0,0
2020-06-20,0.0,0.0,0
2020-06-21,0.0,0.0,0
2020-06-22,0.0,0.0,0
2020-06-23,0.0,0.0,0
2020-06-24,0.0,0.0,0
2020-06-25,0.0,0.0,0
2020-06-26,0.0,0.0,0
2020-06-27,0.0,0.0,0
2020-06-28,0.0,0.0,0
2020-06-29,0.0,0.0,0
2020-06-30,0.0,0.0,0
2020-07-01,0.04,0.04,0
2020-07-02,0.0,0.0,0
2020-07-03,1.03,0.52,0
2020-07-04,0.0,0.0,0
2020-07-05,0.0,0.0,0
2020-07-06,0.0,0.0,0
2020-07-07,0.0,0.0,0
2020-07-08,0.14,0.14,0
2020-07-09,0.78,0.78,0
2020-07-10,0.0,0.0,0
2020-07-11,0.0,0.0,0
2020-07-12,0.21,0.1,0
2020-07-13,0.0,0.0,0
2020-07-14,0.0,0.0,0
2020-07-15,0.0,0.0,0
2020-07-16,0.0,0.0,0
2020-07-17,0.17,0.17,0
2020-07-18,0.25,0.25,0
2020-07-19,0.4,0.2,0
2020-07-20,0.97,0.32,0
2020-07-21,-0.06,-0.03,-1
2020-07-22,0.0,0.0,0
2020-07-23,0.28,0.09,0
2020-07-24,0.0,0.0,0
2020-07-25,0.0,0.0,0
2020-07-26,0.29,0.29,0
2020-07-27,0.0,0.0,0
2020-07-28,0.14,0.14,0
2020-07-29,0.0,0.0,0
2020-07-30,0.0,0.0,0
2020-07-31,0.5,0.5,0
2020-08-01,0.0,0.0,0
2020-08-02,0.0,0.0,0
2020-08-03,0.0,0.0,0
2020-08-04,1.14,0.28,0
2020-08-05,0.0,0.0,0
2020-08-06,0.08,0.03,0
2020-08-07,0.0,0.0,0
2020-08-08,0.0,0.0,0
2020-08-09,0.07,0.03,0
2020-08-10,0.0,0.0,0
2020-08-11,0.0,0.0,0
2020-08-12,0.0,0.0,0
2020-08-13,0.0,0.0,0
2020-08-14,0.0,0.0,0
2020-08-15,0.0,0.0,0
2020-08-16,0.0,0.0,0
2020-08-17,0.0,0.0,0
2020-08-18,0.25,0.25,0
2020-08-19,0.28,0.09,0
2020-08-20,0.8,0.8,0
2020-08-21,0.14,0.07,0
2020-08-22,0.0,0.0,0
2020-08-23,0.0,0.0,0
2020-08-24,0.33,0.16,0
2020-08-25,2.19,0.73,0
2020-08-26,0.0,0.0,0
2020-08-27,0.0,0.0,0
2020-08-28,0.43,0.11,0
2020-08-29,0.0,0.0,0
2020-08-30,0.0,0.0,0
2020-08-31,0.0,0.0,0
2020-09-01,0.0,0.0,0
2020-09-02,0.0,0.0,0
2020-09-03,0.0,0.0,0
2020-09-04,0.0,0.0,0
2020-09-05,0.0,0.0,0
2020-09-06,-0.12,-0.06,-1
2020-09-07,0.05,0.02,0
2020-09-08,0.0,0.0,0
2020-09-09,0.0,0.0,0
2020-09-10,0.0,0.0,0
2020-09-11,0.36,0.09,0
2020-09-12,0.81,0.41,0
2020-09-13,0.0,0.0,0
2020-09-14,0.31,0.1,0
2020-09-15,0.52,0.26,0
2020-09-16,1.61,0.81,0
2020-09-17,0.0,0.0,0
2020-09-18,0.0,0.0,0
2020-09-19,0.09,0.04,0
2020-09-20,-0.0,-0.0,0
2020-09-21,0.31,0.31,0
2020-09-22,0.47,0.08,0
2020-09-23,0.14,0.14,0
2020-09-24,0.74,0.12,0
2020-09-25,0.21,0.07,0
2020-09-26,0.38,0.38,0
2020-09-27,0.04,0.01,0
2020-09-28,-0.03,-0.01,-1
2020-09-29,0.92,0.18,0
2020-09-30,1.25,0.62,0
2020-10-01,0.04,0.01,0
2020-10-02,0.55,0.18,0
2020-10-03,0.35,0.12,0
2020-10-04,0.41,0.1,0
2020-10-05,0.0,0.0,0
2020-10-06,1.73,0.43,0
2020-10-07,0.7,0.7,0
2020-10-08,1.05,0.17,0
2020-10-09,1.86,0.31,0
2020-10-10,-0.06,-0.01,-1
2020-10-11,0.35,0.35,0
2020-10-12,0.66,0.11,0
2020-10-13,0.91,0.18,0
2020-10-14,0.6,0.12,0
2020-10-15,0.0,0.0,0
2020-10-16,0.81,0.14,0
2020-10-17,0.47,0.07,0
2020-10-18,0.64,0.21,0
2020-10-19,0.0,0.0,0
2020-10-20,-0.0,-0.0,0
2020-10-21,0.82,0.16,0
2020-10-22,0.83,0.21,0
2020-10-23,-0.13,-0.02,-1
2020-10-24,1.29,0.16,0
2020-10-25,0.42,0.11,0
2020-10-26,0.81,0.2,0
2020-10-27,1.12,0.16,0
2020-10-28,0.21,0.07,0
2020-10-29,0.0,0.0,0
2020-10-30,1.45,0.36,0
2020-10-31,0.0,0.0,0
2020-11-01,0.5,0.17,0
2020-11-02,0.0,0.0,0
2020-11-03,0.81,0.12,0
2020-11-04,0.0,0.0,0
2020-11-05,0.0,0.0,0
2020-11-06,0.0,0.0,0
2020-11-07,0.23,0.08,0
2020-11-08,1.05,0.15,0
2020-11-09,-0.09,-0.01,-1
2020-11-10,0.9,0.09,0
2020-11-11,0.11,0.02,0
2020-11-12,-0.04,-0.01,-1
2020-11-13,1.38,0.23,0
2020-11-14,1.01,0.34,0
2020-11-15,0.19,0.06,0
2020-11-16,-0.32,-0.04,-1
2020-11-17,0.23,0.04,0
2020-11-18,1.79,0.14,0
2020-11-19,0.35,0.04,0
2020-11-20,1.93,0.21,0
2020-11-21,0.17,0.17,0
2020-11-22,1.39,0.28,0
2020-11-23,1.9,0.19,0
2020-11-24,0.2,0.04,0
2020-11-25,-0.11,-0.02,-1
2020-11-26,1.77,0.22,0
2020-11-27,0.09,0.03,0
2020-11-28,0.58,0.29,0
2020-11-29,0.14,0.07,0
2020-11-30,1.11,0.14,0
2020-12-01,0.61,0.12,0
2020-12-02,0.19,0.04,0
2020-12-03,0.44,0.11,0
2020-12-04,1.02,0.34,0
2020-12-05,0.36,0.18,0
2020-12-06,0.5,0.12,0
2020-12-07,0.06,0.01,0
2020-12-08,2.05,0.19,0
2020-12-09,0.0,0.0,0
2020-12-10,0.95,0.48,0
2020-12-11,0.0,0.0,0
2020-12-12,1.09,0.36,0
2020-12-13,0.66,0.08,0
2020-12-14,0.59,0.07,0
2020-12-15,-0.35,-0.12,-1
2020-12-16,0.21,0.04,0
2020-12-17,0.58,0.14,0
2020-12-18,0.18,0.09,0
2020-12-19,0.72,0.14,0
2020-12-20,1.37,0.2,0
2020-12-21,0.91,0.11,0
2020-12-22,1.56,0.22,0
2020-12-23,1.6,0.23,0
2020-12-24,3.05,0.44,0
2020-12-25,0.99,0.14,0
2020-12-26,1.6,0.32,0
2020-12-27,2.05,0.15,0
2020-12-28,0.48,0.05,0
2020-12-29,2.17,0.17,0
2020-12-30,0.86,0.12,0
2020-12-31,1.41,0.13,0
2021-01-01,0.89,0.13,0
2021-01-02,1.37,0.11,0
2021-01-03,1.36,0.12,0
2021-01-04,1.42,0.08,0
2021-01-05,1.96,0.18,0
2021-01-06,2.46,0.15,0
2021-01-07,1.93,0.19,0
2021-01-08,1.02,0.08,0
2021-01-09,1.51,0.14,0
2021-01-10,1.54,0.11,0
2021-01-11,1.8,0.14,0
2021-01-12,4.11,0.16,0
2021-01-13,1.61,0.18,0
2021-01-14,3.19,0.16,0
2021-01-15,0.42,0.05,0
2021-01-16,2.15,0.18,0
2021-01-17,1.54,0.13,0
2021-01-18,2.95,0.18,0
2021-01-19,1.89,0.17,0
2021-01-20,1.93,0.14,0
2021-01-21,1.25,0.08,0
2021-01-22,1.27,0.08,0
2021-01-23,0.96,0.06,0
2021-01-24,0.51,0.02,0
2021-01-25,2.09,0.13,0
2021-01-26,1.05,0.1,0
2021-01-27,1.32,0.09,0
2021-01-28,2.77,0.12,0
2021-01-29,3.47,0.13,0
2021-01-30,3.52,0.12,0
2021-01-31,4.12,0.15,0
2021-02-01,6.43,0.15,0
2021-02-02,2.74,0.08,0
2021-02-03,3.43,0.1,0
2021-02-04,2.89,0.14,0
2021-02-05,0.0,0.0,0
2021-02-06,0.0,0.0,0
2021-02-07,1.88,0.23,0
2021-02-08,3.81,0.1,0
2021-02-09,2.21,0.1,0
2021-02-10,4.07,0.1,0
2021-02-11,9.31,0.17,0
2021-02-12,8.55,0.13,0
2021-02-13,9.25,0.17,0
2021-02-14,8.9,0.12,0
2021-02-15,11.97,0.13,0
2021-02-16,5.63,0.15,0
2021-02-17,4.91,0.06,0
2021-02-18,15.78,0.15,0
2021-02-19,24.34,0.17,0
2021-02-20,22.79,0.15,0
2021-02-21,17.52,0.11,0
2021-02-22,26.05,0.17,0
2021-02-23,23.35,0.15,0
2021-02-24,35.45,0.14,0
2021-02-25,45.46,0.17,0
2021-02-26,48.37,0.17,0
2021-02-27,48.88,0.15,0
2021-02-28,0.95,0.32,0
2021-03-01,0.0,0.0,0
2021-03-02,48.39,0.15,0
2021-03-03,88.51,0.17,0
2021-03-04,80.51,0.14,0
2021-03-05,14.83,0.16,0
2021-03-06,0.0,0.0,0
2021-03-07,15.52,0.12,0
2021-03-08,60.37,0.14,0
2021-03-09,106.55,0.16,1
2021-03-10,83.96,0.15,0
2021-03-11,91.45,0.14,0
2021-03-12,87.55,0.13,0
2021-03-13,105.03,0.13,1
2021-03-14,120.46,0.13,1
2021-03-15,112.22,0.14,1
2021-03-16,100.61,0.12,1
2021-03-17,52.24,0.13,0
2021-03-18,0.0,0.0,0
2021-03-19,0.0,0.0,0
2021-03-20,0.0,0.0,0
2021-03-21,0.0,0.0,0
2021-03-22,0.0,0.0,0
2021-03-23,0.0,0.0,0
2021-03-24,0.0,0.0,0
2021-03-25,0.0,0.0,0
2021-03-26,0.0,0.0,0
2021-03-27,33.5,0.13,0
2021-03-28,102.79,0.14,1
2021-03-29,102.47,0.13,1
2021-03-30,97.63,0.13,0
2021-03-31,105.01,0.14,1
2021-04-01,91.61,0.14,0
2021-04-02,113.51,0.14,1
2021-04-03,93.03,0.13,0
2021-04-04,87.54,0.14,0
2021-04-05,99.62,0.13,0
2021-04-06,87.02,0.12,0
2021-04-07,79.5,0.12,0
2021-04-08,98.83,0.16,0
2021-04-09,50.56,0.12,0
2021-04-10,0.0,0.0,0
2021-04-11,0.0,0.0,0
2021-04-12,0.0,0.0,0
2021-04-13,0.08,0.04,0
2021-04-14,85.66,0.15,0
2021-04-15,57.82,0.12,0
2021-04-16,41.76,0.1,0
2021-04-17,60.86,0.14,0
2021-04-18,70.74,0.14,0
2021-04-19,69.02,0.14,0
2021-04-20,58.34,0.12,0
2021-04-21,54.97,0.11,0
2021-04-22,58.09,0.12,0
2021-04-23,53.94,0.13,0
2021-04-24,63.58,0.14,0
2021-04-25,60.35,0.13,0
2021-04-26,68.81,0.14,0
2021-04-27,59.09,0.14,0
2021-04-28,47.75,0.1,0
2021-04-29,60.05,0.13,0
2021-04-30,55.41,0.12,0
2021-05-01,47.37,0.12,0
2021-05-02,56.53,0.13,0
2021-05-03,59.62,0.13,0
2021-05-04,72.15,0.13,0
2021-05-05,71.77,0.14,0
2021-05-06,56.49,0.14,0
2021-05-07,49.93,0.13,0
2021-05-08,41.73,0.12,0
2021-05-09,48.93,0.14,0
2021-05-10,33.76,0.1,0
2021-05-11,32.27,0.1,0
2021-05-12,35.82,0.1,0
2021-05-13,37.2,0.12,0
2021-05-14,33.2,0.11,0
2021-05-15,33.27,0.1,0
2021-05-16,40.4,0.13,0
2021-05-17,41.85,0.12,0
2021-05-18,37.76,0.11,0
2021-05-19,33.46,0.1,0
2021-05-20,35.94,0.12,0
2021-05-21,49.81,0.14,0
2021-05-22,35.83,0.12,0
2021-05-23,26.59,0.09,0
2021-05-24,40.4,0.12,0
2021-05-25,23.47,0.09,0
2021-05-26,30.28,0.1,0
2021-05-27,44.9,0.13,0
2021-05-28,39.94,0.13,0
2021-05-29,36.31,0.15,0
2021-05-30,47.24,0.17,0
2021-05-31,31.41,0.11,0
2021-06-01,32.34,0.11,0
2021-06-02,45.98,0.13,0
2021-06-03,41.88,0.15,0
2021-06-04,42.9,0.15,0
2021-06-05,30.46,0.13,0
2021-06-06,40.94,0.15,0
2021-06-07,27.96,0.11,0
2021-06-08,33.36,0.16,0
2021-06-09,35.1,0.12,0
2021-06-10,32.56,0.11,0
2021-06-11,25.92,0.11,0
2021-06-12,33.04,0.14,0
2021-06-13,22.98,0.09,0
2021-06-14,28.9,0.11,0
2021-06-15,22.57,0.09,0
2021-06-16,32.28,0.12,0
2021-06-17,26.72,0.11,0
2021-06-18,30.39,0.13,0
2021-06-19,25.13,0.1,0
2021-06-20,19.02,0.1,0
2021-06-21,24.8,0.12,0
2021-06-22,17.13,0.09,0
2021-06-23,30.23,0.14,0
2021-06-24,26.97,0.14,0
2021-06-25,25.03,0.11,0
2021-06-26,24.27,0.11,0
2021-06-27,19.12,0.11,0
2021-06-28,27.72,0.13,0
2021-06-29,24.11,0.11,0
2021-06-30,24.23,0.11,0
2021-07-01,25.81,0.11,0
2021-07-02,21.6,0.12,0
2021-07-03,22.32,0.11,0
2021-07-04,19.14,0.11,0
2021-07-05,21.72,0.11,0
2021-07-06,32.42,0.13,0
2021-07-07,22.54,0.11,0
2021-07-08,29.65,0.14,0
2021-07-09,26.53,0.12,0
2021-07-10,18.01,0.09,0
2021-07-11,17.06,0.09,0
2021-07-12,31.56,0.14,0
2021-07-13,25.5,0.12,0
2021-07-14,22.24,0.09,0
2021-07-15,29.15,0.12,0
2021-07-16,16.35,0.08,0
2021-07-17,15.96,0.1,0
2021-07-18,13.3,0.07,0
2021-07-19,22.29,0.1,0
2021-07-20,19.96,0.08,0
2021-07-21,30.88,0.14,0
2021-07-22,28.77,0.13,0
2021-07-23,18.35,0.09,0
2021-07-24,30.08,0.13,0
2021-07-25,24.37,0.12,0
2021-07-26,24.14,0.1,0
2021-07-27,26.16,0.11,0
2021-07-28,27.18,0.11,0
2021-07-29,30.91,0.14,0
2021-07-30,22.63,0.1,0
2021-07-31,23.02,0.12,0
2021-08-01,26.92,0.11,0
2021-08-02,38.39,0.13,0
2021-08-03,31.52,0.12,0
2021-08-04,33.35,0.13,0
2021-08-05,37.28,0.13,0
2021-08-06,39.1,0.14,0
2021-08-07,33.19,0.12,0
2021-08-08,45.4,0.15,0
2021-08-09,52.2,0.15,0
2021-08-10,47.93,0.13,0
2021-08-11,36.21,0.11,0
2021-08-12,43.52,0.12,0
2021-08-13,48.98,0.13,0
2021-08-14,55.03,0.15,0
2021-08-15,57.62,0.12,0
2021-08-16,71.88,0.14,0
2021-08-17,70.27,0.15,0
2021-08-18,65.19,0.12,0
2021-08-19,62.67,0.13,0
2021-08-20,75.02,0.15,0
2021-08-21,72.57,0.16,0
2021-08-22,75.76,0.14,0
2021-08-23,98.03,0.15,0
2021-08-24,105.72,0.16,1
2021-08-25,112.52,0.16,1
2021-08-26,88.34,0.13,0
2021-08-27,97.01,0.14,0
2021-08-28,111.69,0.14,1
2021-08-29,118.33,0.14,1
2021-08-30,141.57,0.14,1
2021-08-31,135.8,0.15,1
2021-09-01,125.8,0.13,1
2021-09-02,128.65,0.13,1
2021-09-03,127.19,0.15,1
2021-09-04,114.23,0.13,1
2021-09-05,126.38,0.14,1
2021-09-06,153.26,0.14,1
2021-09-07,144.48,0.15,1
2021-09-08,110.03,0.12,1
2021-09-09,112.93,0.13,1
2021-09-10,103.18,0.12,1
2021-09-11,102.61,0.13,1
2021-09-12,101.66,0.13,1
2021-09-13,119.97,0.12,1
2021-09-14,124.56,0.14,1
2021-09-15,95.72,0.12,0
2021-09-16,102.28,0.12,1
2021-09-17,98.29,0.12,0
2021-09-18,102.03,0.12,1
2021-09-19,100.41,0.13,1
2021-09-20,106.15,0.13,1
2021-09-21,98.84,0.12,0
2021-09-22,70.47,0.1,0
2021-09-23,102.73,0.13,1
2021-09-24,98.1,0.14,0
2021-09-25,96.63,0.14,0
2021-09-26,97.33,0.13,0
2021-09-27,91.82,0.11,0
2021-09-28,96.2,0.14,0
2021-09-29,84.63,0.11,0
2021-09-30,78.91,0.12,0
2021-10-01,96.56,0.12,0
2021-10-02,75.21,0.11,0
2021-10-03,80.04,0.11,0
2021-10-04,90.62,0.1,0
2021-10-05,94.74,0.12,0
2021-10-06,98.97,0.12,0
2021-10-07,75.65,0.1,0
2021-10-08,96.45,0.12,0
2021-10-09,75.27,0.11,0
2021-10-10,81.79,0.11,0
2021-10-11,104.82,0.12,1
2021-10-12,89.29,0.1,0
2021-10-13,89.49,0.12,0
2021-10-14,86.45,0.12,0
2021-10-15,80.3,0.12,0
2021-10-16,90.56,0.13,0
2021-10-17,90.81,0.12,0
2021-10-18,103.05,0.12,1
2021-10-19,107.59,0.13,1
2021-10-20,115.19,0.13,1
2021-10-21,105.02,0.13,1
2021-10-22,112.7,0.13,1
2021-10-23,89.74,0.12,0
2021-10-24,96.65,0.12,0
2021-10-25,115.06,0.13,1
2021-10-26,102.47,0.11,1
2021-10-27,125.54,0.14,1
2021-10-28,108.54,0.13,1
2021-10-29,107.05,0.13,1
2021-10-30,91.02,0.12,0
2021-10-31,90.85,0.12,0
2021-11-01,97.82,0.11,0
2021-11-02,106.68,0.12,1
2021-11-03,100.88,0.11,1
2021-11-04,104.46,0.12,1
2021-11-05,97.22,0.12,0
2021-11-06,87.43,0.12,0
2021-11-07,129.17,0.15,1
2021-11-08,155.4,0.15,1
2021-11-09,138.15,0.14,1
2021-11-10,118.29,0.13,1
2021-11-11,110.03,0.13,1
2021-11-12,127.79,0.15,1
2021-11-13,111.11,0.14,1
2021-11-14,119.36,0.14,1
2021-11-15,141.43,0.14,1
2021-11-16,137.91,0.14,1
2021-11-17,135.7,0.15,1
2021-11-18,105.99,0.11,1
2021-11-19,104.51,0.12,1
2021-11-20,109.59,0.13,1
2021-11-21,106.15,0.13,1
2021-11-22,102.16,0.11,1
2021-11-23,119.36,0.12,1
2021-11-24,128.2,0.14,1
2021-11-25,118.52,0.14,1
2021-11-26,117.17,0.13,1
2021-11-27,101.75,0.13,1
2021-11-28,105.44,0.11,1
2021-11-29,140.03,0.14,1
2021-11-30,143.87,0.14,1
2021-12-01,137.32,0.13,1
2021-12-02,104.78,0.11,1
2021-12-03,127.79,0.13,1
2021-12-04,102.28,0.14,1
2021-12-05,105.5,0.12,1
2021-12-06,127.23,0.12,1
2021-12-07,126.55,0.13,1
2021-12-08,109.18,0.12,1
2021-12-09,119.7,0.14,1
2021-12-10,94.89,0.12,0
2021-12-11,111.32,0.12,1
2021-12-12,124.29,0.13,1
2021-12-13,126.43,0.13,1
2021-12-14,123.91,0.12,1
2021-12-15,143.79,0.13,1
2021-12-16,119.46,0.12,1
2021-12-17,94.45,0.11,0
2021-12-18,100.84,0.12,1
2021-12-19,130.22,0.13,1
2021-12-20,124.79,0.12,1
2021-12-21,114.96,0.12,1
2021-12-22,113.06,0.13,1
2021-12-23,113.33,0.14,1
2021-12-24,88.16,0.11,0
2021-12-25,89.16,0.13,0
2021-12-26,99.84,0.13,0
2021-12-27,116.12,0.12,1
2021-12-28,130.21,0.12,1
2021-12-29,134.47,0.13,1
2021-12-30,129.4,0.13,1
2021-12-31,107.51,0.13,1
2022-01-01,123.33,0.14,1
2022-01-02,143.41,0.13,1
2022-01-03,150.98,0.12,1
2022-01-04,158.77,0.14,1
2022-01-05,147.48,0.14,1
2022-01-06,147.53,0.13,1
2022-01-07,158.65,0.14,1
2022-01-08,156.17,0.13,1
2022-01-09,165.16,0.13,1
2022-01-10,140.02,0.12,1
2022-01-11,141.47,0.12,1
2022-01-12,141.64,0.12,1
2022-01-13,153.89,0.12,1
2022-01-14,153.59,0.13,1
2022-01-15,134.59,0.12,1
2022-01-16,180.83,0.13,1
2022-01-17,178.37,0.13,1
2022-01-18,188.52,0.14,1
2022-01-19,181.59,0.14,1
2022-01-20,167.9,0.13,1
2022-01-21,153.91,0.13,1
2022-01-22,166.21,0.13,1
2022-01-23,180.14,0.13,1
2022-01-24,163.79,0.13,1
2022-01-25,166.75,0.13,1
2022-01-26,174.53,0.13,1
2022-01-27,168.35,0.14,1
2022-01-28,181.59,0.14,1
2022-01-29,171.54,0.13,1
2022-01-30,210.32,0.14,1
2022-01-31,192.07,0.15,1
2022-02-01,199.07,0.14,1
2022-02-02,202.14,0.15,1
2022-02-03,170.84,0.14,1
2022-02-04,138.38,0.12,1
2022-02-05,160.2,0.14,1
2022-02-06,142.77,0.13,1
2022-02-07,160.82,0.14,1
2022-02-08,153.68,0.13,1
2022-02-09,141.21,0.13,1
2022-02-10,157.07,0.16,1
2022-02-11,147.63,0.15,1
2022-02-12,157.63,0.15,1
2022-02-13,126.73,0.13,1
2022-02-14,161.55,0.16,1
2022-02-15,153.55,0.15,1
2022-02-16,176.93,0.16,1
2022-02-17,144.17,0.15,1
2022-02-18,125.55,0.15,1
2022-02-19,135.91,0.16,1
2022-02-20,114.37,0.14,1
2022-02-21,110.51,0.13,1
2022-02-22,123.21,0.15,1
2022-02-23,113.96,0.13,1
2022-02-24,102.72,0.15,1
2022-02-25,87.65,0.13,0
2022-02-26,108.73,0.14,1
2022-02-27,92.83,0.13,0
2022-02-28,95.2,0.14,0
2022-03-01,83.19,0.11,0
2022-03-02,117.33,0.16,1
2022-03-03,85.61,0.14,0
2022-03-04,100.63,0.15,1
2022-03-05,94.99,0.15,0
2022-03-06,72.12,0.12,0
2022-03-07,108.1,0.15,1
2022-03-08,83.91,0.13,0
2022-03-09,80.8,0.12,0
2022-03-10,85.37,0.13,0
2022-03-11,67.34,0.11,0
2022-03-12,74.19,0.12,0
2022-03-13,60.12,0.11,0
2022-03-14,79.07,0.12,0
2022-03-15,61.71,0.08,0
2022-03-16,75.51,0.11,0
2022-03-17,77.64,0.13,0
2022-03-18,68.56,0.12,0
2022-03-19,58.61,0.1,0
2022-03-20,75.62,0.12,0
2022-03-21,76.21,0.13,0
2022-03-22,75.72,0.13,0
2022-03-23,86.74,0.13,0
2022-03-24,76.98,0.13,0
2022-03-25,55.35,0.11,0
2022-03-26,62.5,0.13,0
2022-03-27,73.14,0.14,0
2022-03-28,83.11,0.14,0
2022-03-29,80.98,0.12,0
2022-03-30,72.21,0.14,0
2022-03-31,73.09,0.14,0
2022-04-01,63.48,0.14,0
2022-04-02,64.15,0.12,0
2022-04-03,58.04,0.12,0
2022-04-04,78.8,0.16,0
2022-04-05,83.14,0.15,0
2022-04-06,62.5,0.13,0
2022-04-07,21.5,0.04,0
2022-04-08,59.02,0.14,0
2022-04-09,61.37,0.14,0
2022-04-10,61.53,0.14,0
2022-04-11,63.36,0.14,0
2022-04-12,67.62,0.14,0
2022-04-13,69.98,0.15,0
2022-04-14,66.05,0.13,0
2022-04-15,61.89,0.14,0
2022-04-16,58.31,0.13,0
2022-04-17,66.96,0.15,0
