Symbol,Date,actuals,predicted
ADA,2021-09-20,-0.0483747288584138,0.027032932840818584
ADA,2021-09-21,0.1346638676732054,0.02648551687573014
ADA,2021-09-22,0.03231875621357,-0.021402007941429393
ADA,2021-09-23,-0.0199216192661471,-0.008349803980551272
ADA,2021-09-24,0.0152133696105274,0.012149067659531792
ADA,2021-09-25,-0.0428762357986852,0.012388653489434756
ADA,2021-09-26,-0.0319058457865983,-0.00196748254359044
ADA,2021-09-27,-0.046648345723316,0.005299357012547914
ADA,2021-09-28,0.0109610639286401,0.010778511635437355
ADA,2021-09-29,0.0244069633925045,0.028014366458303984
ADA,2021-09-30,0.0653464133707788,0.003311021247090924
ADA,2021-10-01,0.0015578161335065,0.03964677754634611
ADA,2021-10-02,0.0007649404023415,0.011869707587194385
ADA,2021-10-03,-0.0270481890738332,0.013902616280762786
ADA,2021-10-04,0.018183565627815,0.021147876986792796
ADA,2021-10-05,-0.0093133686060365,0.016386398917077768
ADA,2021-10-06,0.029670057811592,0.007871771598541945
ADA,2021-10-07,-0.0214579367675263,0.036625544695852025
ADA,2021-10-08,0.0165944027564453,0.03207490891727542
ADA,2021-10-09,-0.031308205079898,0.025213686627605352
ADA,2021-10-10,-0.0109055805579664,0.022235953069749074
ADA,2021-10-11,-0.0285710114145734,0.02060344429254733
ADA,2021-10-12,0.0349273964309289,0.03430767846290232
ADA,2021-10-13,-0.0056014264491393,0.029598503174778915
ADA,2021-10-14,0.0218580672284696,0.0124194702529258
ADA,2021-10-15,-0.0177552823918532,0.012510772042610306
ADA,2021-10-16,-0.0091660713182932,0.014552550781148364
ADA,2021-10-17,-0.0159855160652271,0.016765734946544077
ADA,2021-10-18,-0.0065593925351141,0.03023323007513796
ADA,2021-10-19,0.0360807921027903,0.016421336262515015
ADA,2021-10-20,-0.0211888398322048,0.011527001374075627
ADA,2021-10-21,0.0078156209370685,0.009100544577339453
ADA,2021-10-22,0.0021680979712392,0.023155004866621455
ADA,2021-10-23,-0.0203509240069036,0.036019894029055706
ADA,2021-10-24,0.0119765010707271,0.02060857393694926
ADA,2021-10-25,-0.0020270936922538,0.02722444556573546
ADA,2021-10-26,-0.1011233668811292,0.0117886834817218
ADA,2021-10-27,0.032904362504516,0.0028213888379487588
ADA,2021-10-28,0.01246285327014,0.0057559662087198525
ADA,2021-10-29,-0.0311810328486454,0.007204254270925023
ADA,2021-10-30,0.0082694106588625,0.010992157585010194
ADA,2021-10-31,-0.0064312891637299,0.01838729616486344
ADA,2021-11-01,0.0093644103896437,0.014987382367456305
ADA,2021-11-02,0.0467109650171633,0.021471906545604
ADA,2021-11-03,-0.0386456916065003,0.02892636004697442
ADA,2021-11-04,-0.0007033881287101,0.026596100727819517
ADA,2021-11-05,0.0113091694416589,0.025624786665878564
ADA,2021-11-06,0.0077246944082585,0.03785078219751483
ADA,2021-11-07,0.053757250838508,0.03201970271258109
ADA,2021-11-08,0.0668470099474696,0.019153791995787907
ADA,2021-11-09,-0.0781739475964694,0.033961710142484065
ADA,2021-11-10,-0.0040841368184748,0.013730739520729045
ADA,2021-11-11,-0.0152983786407446,0.008037676520420698
ADA,2021-11-12,0.0007064413003594,0.03911743389342371
ADA,2021-11-13,-0.0070090306538432,0.010473750569045766
ADA,2021-11-14,-0.0092005591214772,0.042620673152880706
ADA,2021-11-15,-0.0697551043247798,0.021567174096501742
ADA,2021-11-16,-0.0033189444759823,0.048523913167643776
ADA,2021-11-17,-0.0498415494898447,0.054992737720897654
ADA,2021-11-18,0.0462451677084505,-0.001448345749306081
ADA,2021-11-19,0.0336294172530169,0.01446507798588156
ADA,2021-11-20,-0.0435221102634771,0.008620047931417048
ADA,2021-11-21,-0.0334728112478369,0.006494157377304799
ADA,2021-11-22,-0.0161071361516051,-0.008128391855063892
ADA,2021-11-23,-0.049486385126383,0.038292970984935025
ADA,2021-11-24,0.0075148795812616,0.03150155795945327
ADA,2021-11-25,-0.0866694638749171,0.03067323744788071
ADA,2021-11-26,0.0045581254112256,0.0697463232590575
ADA,2021-11-27,0.0369202886572548,0.061442451574318324
ADA,2021-11-28,0.0070351816561311,0.06174846104398085
ADA,2021-11-29,-0.0307579632004354,0.016201093777818837
ADA,2021-11-30,-0.0062055012179468,0.05898117820101159
ADA,2021-12-01,0.1108349978781628,0.0258289408352441
ADA,2021-12-02,-0.0893035733428889,0.03628770627426968
ADA,2021-12-03,-0.0966657506215765,0.058152076374645326
ADA,2021-12-04,-0.0288368724463442,0.015289690129366464
ADA,2021-12-05,0.0341444590476918,0.013244020298589836
ADA,2021-12-06,-0.0282743809961114,0.016073013950436046
ADA,2021-12-07,0.0114681204172881,0.06481641308904253
ADA,2021-12-08,-0.0696725484801532,0.051061093189274966
ADA,2021-12-09,-0.0633198205070733,0.01759408698170528
ADA,2021-12-10,0.1101930479000385,0.05384641973885605
ADA,2021-12-11,-0.0010065378350837,0.04106572673063577
ADA,2021-12-12,-0.0924618736929329,0.04256554263305551
ADA,2021-12-13,0.0339099033480865,0.05042267185414515
ADA,2021-12-14,0.0333646990495171,0.047962326635695135
ADA,2021-12-15,-0.0482177312343693,0.047911434207703725
ADA,2021-12-16,-0.0185527926713229,0.05686978314867599
ADA,2021-12-17,0.0170089221919234,0.053307742111356526
ADA,2021-12-18,0.0012976775863899,0.02447230810423413
ADA,2021-12-19,-0.0053296471506174,0.031741739860477784
ADA,2021-12-20,0.0336339849941353,0.035332979655360024
ADA,2021-12-21,0.0406999423315406,0.04400178370405303
ADA,2021-12-22,0.1052398399606675,0.049915917806556645
ADA,2021-12-23,-0.0533663599173777,0.05149623473785574
ADA,2021-12-24,0.0444596152280367,-0.006833038468106218
ADA,2021-12-25,5.567617834678629e-05,0.050194234252504445
ADA,2021-12-26,0.0411227768867961,0.02020666853765452
ADA,2021-12-27,-0.0701310869976558,0.0019147821249940972
ADA,2021-12-28,-0.0552831897837921,-0.001815609354371728
ADA,2021-12-29,0.0206336232414896,0.00011831938918402369
ADA,2021-12-30,-0.0348868277689075,0.02471214939322082
ADA,2021-12-31,0.0442091343170956,-0.009502087065749332
ADA,2022-01-01,0.0060546886540111,-0.0072431398576908055
ADA,2022-01-02,-0.0421614910581662,-0.007425284441309022
ADA,2022-01-03,-0.006946732947165,-0.010879719761752761
ADA,2022-01-04,-0.0575251774359423,-0.007269036427957752
ADA,2022-01-05,0.0336606315025669,0.0013615560428079142
ADA,2022-01-06,-0.0518649317945207,0.014142201815117272
ADA,2022-01-07,-0.0175171150652473,0.02623532717027928
ADA,2022-01-08,-0.0134846724168604,0.016346290248326165
ADA,2022-01-09,-0.0402466859038914,0.02985259289599025
ADA,2022-01-10,0.0519843139834046,0.03546389255039468
ADA,2022-01-11,0.1002226080315997,0.0295089486723681
ADA,2022-01-12,-0.0513575969308525,0.01667061384174203
ADA,2022-01-13,0.0420829922577608,0.002363272524655452
ADA,2022-01-14,0.0054452572213281,0.029700437725049825
ADA,2022-01-15,0.0865512475117913,0.027906219373343134
ADA,2022-01-16,0.1276044201862507,-0.0010131909953356867
ADA,2022-01-17,-0.076633000042242,0.020342132740815252
ADA,2022-01-18,-0.0867232328347368,0.005187833648431609
ADA,2022-01-19,-0.0593618111037052,-0.006601387175824791
ADA,2022-01-20,-0.1097201725590472,0.05546976325274489
ADA,2022-01-21,-0.0488740659550219,0.02184284085315397
ADA,2022-01-22,0.0511301213805017,0.03991045601709551
ADA,2022-01-23,-0.0469648811547988,-0.003862228832154345
ADA,2022-01-24,-0.0211016559154979,0.022723288210774455
ADA,2022-01-25,0.0280868046479645,0.03805890373137411
ADA,2022-01-26,-0.0270104149909132,0.029104525092927918
ADA,2022-01-27,0.0049857362836558,0.023149413899426503
ADA,2022-01-28,0.0080040152766591,0.04552646883009755
ADA,2022-01-29,-0.0219469802682306,0.023339129818575697
ADA,2022-01-30,0.015401443587595,0.04880635166673586
ADA,2022-01-31,0.0365553760037438,0.05258247724348235
ADA,2022-02-01,-0.0590508211033754,0.0554135301325003
ADA,2022-02-02,0.0274567333312254,0.025480228235480146
ADA,2022-02-03,0.0782225156968223,0.030388182094676953
ADA,2022-02-04,-0.0087589261738568,0.06477904831772952
ADA,2022-02-05,0.0161286209197997,0.021481953824509376
ADA,2022-02-06,0.0481761489289471,0.024914843619346923
ADA,2022-02-07,-0.0175864809786202,0.0037919731557886794
ADA,2022-02-08,0.0142757907953809,0.011444357937632717
ADA,2022-02-09,-0.0362913631444012,0.05839967713212801
ADA,2022-02-10,-0.0626957142641806,0.035160693270914714
ADA,2022-02-11,-0.0227500829828735,0.036269724526201405
ADA,2022-02-12,-0.0073956673593535,0.05365609779304004
ADA,2022-02-13,0.0038938562903014,0.026490110055737696
ADA,2022-02-14,0.0535746352582668,0.015675403126117773
ADA,2022-02-15,-0.0207682584167845,0.043444399649097847
ADA,2022-02-16,-0.0603280041323208,0.04983574029080859
ADA,2022-02-17,-0.0228639093107262,0.04078904006682382
ADA,2022-02-18,0.0017447386222402,0.029884797484598033
ADA,2022-02-19,-0.0658124147742189,0.026228537434386568
ADA,2022-02-20,-0.0802278141728397,0.05493053176458046
ADA,2022-02-21,0.037930951868814,0.053168580287200236
ADA,2022-02-22,-0.0240447076191659,0.05790689617111374
ADA,2022-02-23,-0.0208519200198334,0.06447344560722718
ADA,2022-02-24,0.0585441166917146,0.05789104865377366
ADA,2022-02-25,-0.0161826325146762,0.05083497776928117
ADA,2022-02-26,-0.0292369914012121,0.03990988682657252
ADA,2022-02-27,0.1149983841607569,0.0631185448224772
ADA,2022-02-28,0.00365093084753,0.0064747241433258836
ADA,2022-03-01,-0.0241446413137612,0.029446554482771652
ADA,2022-03-02,-0.0387797667751131,0.046955857829277
ADA,2022-03-03,-0.0664740982931029,0.02902292554846949
ADA,2022-03-04,0.0276268848608718,0.05166991539370894
ADA,2022-03-05,-0.0489557624907593,0.02763478150983849
ADA,2022-03-06,-0.0336142432648142,0.03371992969036861
ADA,2022-03-07,0.0064380984141974,0.00951549064787698
ADA,2022-03-08,0.0586663688720534,0.03327054774366303
ADA,2022-03-09,-0.0486056243942359,0.038718163989086916
ADA,2022-03-10,-0.0200609720844244,0.03427200988039782
ADA,2022-03-11,-0.0005970852229696,0.06138481173404549
ADA,2022-03-12,0.0005475324299446,0.05477005271641669
ADA,2022-03-13,0.0150781919400655,0.04299831122731214
ADA,2022-03-14,-0.003870861503014,0.017993229780345364
ADA,2022-03-15,0.049287344074085,0.019028352154835153
ADA,2022-03-16,-0.0021089040635744,0.009006757746975826
ADA,2022-03-17,0.0196579913450549,0.0016442386353194252
ADA,2022-03-18,0.0551099536673045,-0.0015111989518324614
ADA,2022-03-19,-0.0261612457041472,-0.0002948929029767549
ADA,2022-03-20,0.0430883642583199,0.05939654289460062
AVAX,2021-09-20,0.0273628501850395,-0.029201226572198095
AVAX,2021-09-21,0.2607025165076855,-0.03523088726402192
AVAX,2021-09-22,0.02703734591459,-0.046621168479188436
AVAX,2021-09-23,-0.0499453540455042,0.04682216418816584
AVAX,2021-09-24,-0.0508792121228338,0.051414554999889506
AVAX,2021-09-25,-0.0273603943623728,0.05390041628581211
AVAX,2021-09-26,-0.0048685911694,0.06794417590442672
AVAX,2021-09-27,-0.0761529670697511,0.06734452273564215
AVAX,2021-09-28,0.0602267869999724,0.051624924901819066
AVAX,2021-09-29,0.0194235171358632,0.057428444709335745
AVAX,2021-09-30,0.0139499273656451,0.0150597292256911
AVAX,2021-10-01,0.0283156747509549,0.07522619806068272
AVAX,2021-10-02,-0.0088752489583767,0.06895527935608257
AVAX,2021-10-03,-0.052692310490589,0.06637848850897991
AVAX,2021-10-04,-0.0052569907081617,0.06973926214240483
AVAX,2021-10-05,-0.0695002496687494,0.0578747828759346
AVAX,2021-10-06,0.0198675146957478,0.05827773065851675
AVAX,2021-10-07,-0.0207841353229109,0.06671500351789607
AVAX,2021-10-08,0.0086553750084363,0.07220184647920924
AVAX,2021-10-09,-0.0669254449208536,0.05476136223841328
AVAX,2021-10-10,-0.0249750134575318,0.06400136646376893
AVAX,2021-10-11,-0.0204112292248616,0.06425680516493651
AVAX,2021-10-12,0.0178219715534104,0.06388521888774479
AVAX,2021-10-13,0.0188507088380174,0.06796129937076857
AVAX,2021-10-14,0.0031826867804118,0.008085198415939195
AVAX,2021-10-15,0.0237733398182551,-0.06244174377296364
AVAX,2021-10-16,-0.0236524051786765,0.024950902540279398
AVAX,2021-10-17,-0.0139697983817956,0.05758944018116455
AVAX,2021-10-18,0.0282408258782889,0.08672791874414386
AVAX,2021-10-19,0.0462410420494114,0.03019923944123965
AVAX,2021-10-20,0.0264638421823679,0.0225897669485644
AVAX,2021-10-21,0.068609831976905,0.03175769236270187
AVAX,2021-10-22,0.0005689663269077,0.09296034819489625
AVAX,2021-10-23,-0.0159412101664265,0.07389879015980988
AVAX,2021-10-24,0.0811208407984251,0.049738902415243993
AVAX,2021-10-25,-0.0070099656409866,0.08055824176516811
AVAX,2021-10-26,-0.1042605596140114,0.027692418159633574
AVAX,2021-10-27,0.0353726121100463,-0.006566708264116265
AVAX,2021-10-28,0.0093051945874385,-0.01071790158776037
AVAX,2021-10-29,-0.0373700559432538,0.020730353945249993
AVAX,2021-10-30,0.0315289048512263,0.013119208061265897
AVAX,2021-10-31,0.0093055077199852,0.055514734000947176
AVAX,2021-11-01,0.0430317419946599,0.03314935367365786
AVAX,2021-11-02,0.1155618443156523,0.07828481923576708
AVAX,2021-11-03,0.0542484315879774,0.08595402173049058
AVAX,2021-11-04,-0.066198183537366,0.0751483507209409
AVAX,2021-11-05,0.0514496745998183,0.09385655129836523
AVAX,2021-11-06,0.1256117347758665,0.08629032934633368
AVAX,2021-11-07,0.036946013228287,0.08942526744407361
AVAX,2021-11-08,-0.0305109051287887,0.09415045506487632
AVAX,2021-11-09,-0.0351976240308927,-0.011365809366802577
AVAX,2021-11-10,0.0311308298225889,-0.02415028411931726
AVAX,2021-11-11,-0.0342676626097945,-0.022903859609010948
AVAX,2021-11-12,0.1476962916699187,-0.020969170001410603
AVAX,2021-11-13,-0.0220193548582863,-0.02937196463323444
AVAX,2021-11-14,-0.0159062111794058,-0.04086692221135913
AVAX,2021-11-15,0.0538627362890389,-0.02413976572480858
AVAX,2021-11-16,0.0906409428299657,-0.009607692699954255
AVAX,2021-11-17,-0.0862480606072964,-0.0207465392957738
AVAX,2021-11-18,0.1351763312991283,-0.0294783482960853
AVAX,2021-11-19,0.1243069859609709,-0.024714811417948946
AVAX,2021-11-20,0.0227635595733108,-0.03488857404634647
AVAX,2021-11-21,0.0461164211678466,-0.03112123518018527
AVAX,2021-11-22,-0.0828354925541613,-0.04335255632001161
AVAX,2021-11-23,-0.0660054894716104,-0.015474926801892474
AVAX,2021-11-24,0.0329588228902166,-0.02912923180012962
AVAX,2021-11-25,-0.123313955340238,-0.04425221844295229
AVAX,2021-11-26,0.0824269498115226,-0.0041652742237770395
AVAX,2021-11-27,-0.0199757935493863,0.005797449767447936
AVAX,2021-11-28,0.0778789542440379,-0.005281670933301374
AVAX,2021-11-29,0.0132373226706477,-0.012468565407904742
AVAX,2021-11-30,-0.0126899242873459,-0.004657589992549556
AVAX,2021-12-01,-0.0982023975085105,-0.03217980199279366
AVAX,2021-12-02,0.0068412865099798,-0.03185851024781762
AVAX,2021-12-03,-0.1498987205077694,-0.035102598574709314
AVAX,2021-12-04,-0.0661299535592621,-0.037377207172122506
AVAX,2021-12-05,0.0805460409797953,-0.03750205810553081
AVAX,2021-12-06,-0.0366557516074976,-0.011027686475731862
AVAX,2021-12-07,0.0376651383859842,-0.0029722407185109375
AVAX,2021-12-08,-0.0703344838794411,-0.007706412263999738
AVAX,2021-12-09,-0.0606277494743207,-0.0018102937393471657
AVAX,2021-12-10,0.0631814332664169,0.003390883382491889
AVAX,2021-12-11,0.0236182526987762,-0.008910658017229822
AVAX,2021-12-12,-0.1037924621681577,-0.006225450089621684
AVAX,2021-12-13,0.0981537239663064,0.019606027066524354
AVAX,2021-12-14,0.1629573730497708,-0.00374968271454208
AVAX,2021-12-15,-0.0244585146191662,0.00721340990705573
AVAX,2021-12-16,0.1327909425794735,0.0004964956356098356
AVAX,2021-12-17,0.0363303384958528,0.006202420307059282
AVAX,2021-12-18,-0.0690033251392844,-0.009658687792707675
AVAX,2021-12-19,0.0533571476404186,-0.0034453015374492297
AVAX,2021-12-20,0.0854603886710716,0.009994321198587208
AVAX,2021-12-21,-0.0553660993882575,0.006481186234490599
AVAX,2021-12-22,0.0434795593576684,-0.01253917679267532
AVAX,2021-12-23,-0.0560274556521335,-0.010858899907487667
AVAX,2021-12-24,0.0065069911899644,-0.01320785825643429
AVAX,2021-12-25,-8.996491581259036e-05,0.0031598639354116953
AVAX,2021-12-26,-0.0166626868975158,-0.017570017924532957
AVAX,2021-12-27,-0.0554677815573976,-0.014082305000426225
AVAX,2021-12-28,-0.0388609054741873,-0.033175661213443515
AVAX,2021-12-29,-0.0122703534029265,-0.017379717153330147
AVAX,2021-12-30,0.0743369894149605,-0.018477491531416534
AVAX,2021-12-31,0.0395983720878914,-0.020996536909446285
AVAX,2022-01-01,-0.0055702470038823,-0.018508898803588757
AVAX,2022-01-02,-0.0434439360076949,-0.013989892388091063
AVAX,2022-01-03,-0.0466242438803519,-0.013135829817975824
AVAX,2022-01-04,-0.050377501827909,-0.007743638920718393
AVAX,2022-01-05,-0.0281245509445179,0.0020389078976460824
AVAX,2022-01-06,-0.0925460933307479,0.0012562279852542707
AVAX,2022-01-07,-0.0258172210637738,0.012405927791978164
AVAX,2022-01-08,0.0608613973788512,-0.0027408101140288187
AVAX,2022-01-09,-0.0552091442371098,0.014229601971132832
AVAX,2022-01-10,0.0595519643790698,0.012078668170387582
AVAX,2022-01-11,0.0724906688864424,-0.0010213528441307513
AVAX,2022-01-12,-0.0644769579845082,0.00614874036324709
AVAX,2022-01-13,0.0065101799061941,0.005266028888992131
AVAX,2022-01-14,0.0339483460059455,0.014659961801928113
AVAX,2022-01-15,-0.0112130926097724,0.004275337679975073
AVAX,2022-01-16,-0.0604808355575301,0.0015018474931679949
AVAX,2022-01-17,-0.0089307866048158,-0.004788413019598633
AVAX,2022-01-18,-0.037104942704824,-0.004244048336494226
AVAX,2022-01-19,-0.0422733133533356,-0.0009047193538428655
AVAX,2022-01-20,-0.1728961364191954,0.00523000156203175
AVAX,2022-01-21,-0.0890890116214603,0.012539542842419102
AVAX,2022-01-22,0.0813880721577071,0.048801476682817944
AVAX,2022-01-23,-0.0247747363986015,0.030950558555280665
AVAX,2022-01-24,0.0808693816500247,0.03794400434539691
AVAX,2022-01-25,-0.03262368839244,0.015607602477715872
AVAX,2022-01-26,-0.0166941904887988,0.025640678096754646
AVAX,2022-01-27,0.0359382271661321,0.04484826279483706
AVAX,2022-01-28,0.076062156076174,0.027696154530693316
AVAX,2022-01-29,-0.0577070990541523,0.023693988623894154
AVAX,2022-01-30,0.0277762236523577,0.019575604821347868
AVAX,2022-01-31,0.0527430800826465,0.018084731913612054
AVAX,2022-02-01,-0.0823171519100041,0.022604526906205975
AVAX,2022-02-02,0.0052331437374097,0.03700492317185129
AVAX,2022-02-03,0.1419843781422058,0.026357180018212457
AVAX,2022-02-04,-0.003370434433581,0.038536935468398856
AVAX,2022-02-05,0.0161417293425047,0.014764908935249219
AVAX,2022-02-06,0.0646528421665284,0.01458098560751518
AVAX,2022-02-07,0.0357067591722488,0.018155376749596962
AVAX,2022-02-08,0.0419855772590316,0.006573343670656685
AVAX,2022-02-09,0.0095392695841645,-0.007290954702200426
AVAX,2022-02-10,-0.102972061897312,-0.006011470850765422
AVAX,2022-02-11,-0.0082618821956252,0.0011913412688629135
AVAX,2022-02-12,-0.03231406540354,0.004648106558825877
AVAX,2022-02-13,0.0471508353593381,-0.0025031254901394353
AVAX,2022-02-14,0.1313387934814158,-0.005296891928756905
AVAX,2022-02-15,0.027878302228196,-0.007084722906668494
AVAX,2022-02-16,-0.0779883229178454,0.000610709676233371
AVAX,2022-02-17,-0.048865337369347,0.008440911651819857
AVAX,2022-02-18,0.0174950378550917,-0.004404154178613735
AVAX,2022-02-19,-0.0915894900296733,-0.009846711880691018
AVAX,2022-02-20,-0.0975004549457405,-0.0005837670725121259
AVAX,2022-02-21,0.068542020098963,0.004832382841041969
AVAX,2022-02-22,-0.0117099991941411,-0.0030818734449020745
AVAX,2022-02-23,0.0359293460489558,0.00010854394518717849
AVAX,2022-02-24,0.0579667490645365,0.004267594520661803
AVAX,2022-02-25,0.0100541368727933,0.012715281290784778
AVAX,2022-02-26,-0.0812813270468262,-0.008874833520782416
AVAX,2022-02-27,0.1257658700147057,-0.005328613687325048
AVAX,2022-02-28,0.027445410087761,0.006217900740610334
AVAX,2022-03-01,-0.0397184772823391,-0.0021543844020221366
AVAX,2022-03-02,-0.0562758520163317,0.0031645008707632764
AVAX,2022-03-03,-0.0367614589518996,-0.0026722924679706953
AVAX,2022-03-04,0.0158085940642824,-0.009397898765803702
AVAX,2022-03-05,-0.0559937184848328,-0.022463552206513974
AVAX,2022-03-06,-0.0091345985606108,-0.014932310814424057
AVAX,2022-03-07,0.0129161865644789,-0.016071467595909727
AVAX,2022-03-08,0.0651819767362593,0.017839012036352016
AVAX,2022-03-09,-0.0458348434473091,0.007235402542314722
AVAX,2022-03-10,-0.0397898595487751,0.006560028448008784
AVAX,2022-03-11,-0.001815704592778,0.014510399064448905
AVAX,2022-03-12,-0.0416516439580579,0.025085752969797953
AVAX,2022-03-13,0.0110780071062337,0.03343767638173928
AVAX,2022-03-14,0.0152385704718682,0.0018222322648790107
AVAX,2022-03-15,0.0623264613379486,0.011314742923362566
AVAX,2022-03-16,0.0766705974117203,0.015688472471845124
AVAX,2022-03-17,0.0751547277769597,0.005164276912672973
AVAX,2022-03-18,0.044897719656461,0.003638296108833535
AVAX,2022-03-19,-0.0561930130929193,-0.011869608581625024
AVAX,2022-03-20,0.0226475184655323,0.009665438888228618
FLOW,2021-09-20,-0.1087843195418166,0.022933299307099163
FLOW,2021-09-21,0.127770807389548,0.016851477149355216
FLOW,2021-09-22,0.0420008117719086,0.03999555073457143
FLOW,2021-09-23,-0.0859128616014772,0.008458767577253026
FLOW,2021-09-24,-0.009677034918365,0.014148873245103409
FLOW,2021-09-25,-0.0562227731112661,-0.023663206332007518
FLOW,2021-09-26,-0.0032833499094688,0.00517760370612593
FLOW,2021-09-27,-0.0269737809987399,-0.011080212707396463
FLOW,2021-09-28,-0.0064357086510649,0.0031490022267829554
FLOW,2021-09-29,0.0521102811282179,-0.018765920710094735
FLOW,2021-09-30,0.1089631926146261,0.019829395806690853
FLOW,2021-10-01,0.0581874064328811,0.04280106209620316
FLOW,2021-10-02,0.0286969802524048,0.037953238758272514
FLOW,2021-10-03,0.0759845801208582,0.04441584197904638
FLOW,2021-10-04,-0.0292186728380117,0.025179180229656973
FLOW,2021-10-05,-0.0410999895267591,0.03631663473676095
FLOW,2021-10-06,-0.0162355076683642,0.03341946347681425
FLOW,2021-10-07,-0.0202930554110001,0.03530965199299852
FLOW,2021-10-08,0.0461442987426474,0.033681389392994684
FLOW,2021-10-09,-0.0402659637575376,0.0165076181357536
FLOW,2021-10-10,-0.0406976431700304,0.017919903094071335
FLOW,2021-10-11,-0.0162872654538526,0.014319295568273731
FLOW,2021-10-12,0.0247072492823619,0.008752304833089489
FLOW,2021-10-13,0.0370454772835913,0.040731768552781225
FLOW,2021-10-14,-0.0570803788207676,0.04454433419155915
FLOW,2021-10-15,-0.0950455051623504,0.031754710924179703
FLOW,2021-10-16,-0.0486965265019659,0.03796750099372437
FLOW,2021-10-17,-0.0414042493347748,0.028440276102427123
FLOW,2021-10-18,-0.0848440599515097,0.011971109809658374
FLOW,2021-10-19,0.0684417134313755,0.010574432230476627
FLOW,2021-10-20,0.0027008316570893,-0.01124442111728429
FLOW,2021-10-21,-0.0315314765886394,0.01033145189285029
FLOW,2021-10-22,-0.0342295261568723,0.026418323462160397
FLOW,2021-10-23,-0.0144941537599389,0.02008957026640636
FLOW,2021-10-24,0.0234492818271465,0.016502842536210073
FLOW,2021-10-25,-0.0217004386258871,0.011592580541070253
FLOW,2021-10-26,-0.094976744894153,0.007115438378677353
FLOW,2021-10-27,0.0754382128318136,-0.003400700425705561
FLOW,2021-10-28,0.0694836273835766,0.021775774820944553
FLOW,2021-10-29,0.076552113545137,0.01784379564053209
FLOW,2021-10-30,-0.051559580645577,-0.013019909092062458
FLOW,2021-10-31,0.0041465806747686,-0.008530778541600332
FLOW,2021-11-01,0.0297564632488998,0.005809650773358183
FLOW,2021-11-02,-0.0358166982974774,-0.009946618445851816
FLOW,2021-11-03,-0.0046478883357398,-0.0038942495300866384
FLOW,2021-11-04,0.0030601345304424,-0.005542697399656917
FLOW,2021-11-05,-0.005770614476903,-0.006103953840278214
FLOW,2021-11-06,-0.0021132162862393,-0.005764941609442003
FLOW,2021-11-07,0.0102548482079398,-0.008884549681303732
FLOW,2021-11-08,-0.0170997846374729,-0.036109067866045244
FLOW,2021-11-09,-0.0609050672665391,0.06477581224912665
FLOW,2021-11-10,0.0250040830928843,0.06985656229114488
FLOW,2021-11-11,-0.0224517049334567,0.08339108294036443
FLOW,2021-11-12,0.0220281755734077,0.0801483001406484
FLOW,2021-11-13,-0.0149005490875121,0.06968076025037899
FLOW,2021-11-14,0.0258398124082068,0.07251044859219344
FLOW,2021-11-15,-0.050733282175385,0.0003883603021486583
FLOW,2021-11-16,-0.0032459307112546,-0.004778896254214516
FLOW,2021-11-17,-0.070451621102127,-0.01544274451088512
FLOW,2021-11-18,0.057769679181483,-0.0251705342339541
FLOW,2021-11-19,0.0510725624398631,0.02736031536577596
FLOW,2021-11-20,0.0901149884253276,-0.012195194456116705
FLOW,2021-11-21,-0.049743580974215,-0.011184303321615262
FLOW,2021-11-22,-0.0186906865611984,-0.03895793391324626
FLOW,2021-11-23,-0.0163139391018154,-0.00589403910481946
FLOW,2021-11-24,0.0184216622916761,0.034670051673392155
FLOW,2021-11-25,-0.1182858305455881,0.025690425591909066
FLOW,2021-11-26,0.0121340305567108,-0.001872357893707271
FLOW,2021-11-27,0.041743484816012,0.0064254429795248535
FLOW,2021-11-28,0.04244287920495,0.00684652340806189
FLOW,2021-11-29,-0.0325546623923161,-0.03747955222861528
FLOW,2021-11-30,-0.0104320108183816,0.0002645858061489148
FLOW,2021-12-01,-0.0194977915517703,-0.027541300571570518
FLOW,2021-12-02,-0.0370831259333002,0.01017890886797352
FLOW,2021-12-03,-0.1496513824158297,0.008494632288738577
FLOW,2021-12-04,-0.0674511729450932,-0.019739075936854217
FLOW,2021-12-05,0.0501904295767778,-0.0159776947267756
FLOW,2021-12-06,0.0400860966536666,-0.010893542129222862
FLOW,2021-12-07,0.0001747031746814,0.005913081063298944
FLOW,2021-12-08,-0.0716010980628101,0.006307308807982479
FLOW,2021-12-09,-0.0556818317121109,-0.011474011435367299
FLOW,2021-12-10,0.0454657570447871,-0.01272974712778605
FLOW,2021-12-11,-0.0007778157284293,0.008381253683446084
FLOW,2021-12-12,-0.0623748365734142,0.0024059142767114206
FLOW,2021-12-13,0.0036223142831346,-0.007176581187802031
FLOW,2021-12-14,0.0191766405795323,-0.006828691439124497
FLOW,2021-12-15,-0.0316425911418343,0.002569716711217689
FLOW,2021-12-16,-0.0195759714910267,-0.010640428557486148
FLOW,2021-12-17,0.0114079971007492,0.05334104443728391
FLOW,2021-12-18,-0.0136681250453435,0.01188746031125166
FLOW,2021-12-19,-0.023546609896593,0.05454621362959717
FLOW,2021-12-20,0.0242324518484462,0.062235415499737455
FLOW,2021-12-21,0.0152985379289645,0.05973455110551026
FLOW,2021-12-22,0.0899934466415832,0.011011016181830473
FLOW,2021-12-23,-0.0186415977208641,0.007813004219671073
FLOW,2021-12-24,0.0169826981120149,-0.029721644739013862
FLOW,2021-12-25,0.00183569525718,-0.004090975059952499
FLOW,2021-12-26,0.019539378783957,0.0017709574276761175
FLOW,2021-12-27,-0.0714970606511332,-0.01913928866382196
FLOW,2021-12-28,-0.0176998778169821,-0.02614890320320768
FLOW,2021-12-29,0.0161972554115288,-0.035800778718211516
FLOW,2021-12-30,0.008012155127318,-0.009944721092739408
FLOW,2021-12-31,0.0378891002666359,-0.04073281353365657
FLOW,2022-01-01,0.015796558682763,-0.036729992504252254
FLOW,2022-01-02,-0.0392734401179835,-0.038784846138831076
FLOW,2022-01-03,0.0018809732803375,-0.05888630287967981
FLOW,2022-01-04,-0.0548115133336687,-0.058966864284782004
FLOW,2022-01-05,-0.0170929846799783,-0.07443257829171421
FLOW,2022-01-06,-0.0448058129611793,-0.021225188384107366
FLOW,2022-01-07,-0.0278997782436912,-0.06602128726210585
FLOW,2022-01-08,0.0121204031222263,-0.06292457155548609
FLOW,2022-01-09,-0.0422099985691465,-0.05160533093937229
FLOW,2022-01-10,0.0196788180195417,0.08401439462700727
FLOW,2022-01-11,0.0402215192229886,0.0978138480599469
FLOW,2022-01-12,-0.0227836593362729,0.061006798373117815
FLOW,2022-01-13,-0.0035019975530785,0.02207878337668284
FLOW,2022-01-14,0.0004195027534656,0.021195334560388336
FLOW,2022-01-15,-0.0150523520797155,0.04172405280464293
FLOW,2022-01-16,-0.0350079227430274,-0.06462688529902295
FLOW,2022-01-17,-0.0479065164179861,-0.06645422794453226
FLOW,2022-01-18,0.0231428202435961,-0.05726463491246414
FLOW,2022-01-19,-0.0768554341566254,-0.0111404694654567
FLOW,2022-01-20,-0.1261233045508184,0.057307522678264035
FLOW,2022-01-21,-0.1288133739675735,0.08804251790002095
FLOW,2022-01-22,0.0355081853245011,0.08139722809298633
FLOW,2022-01-23,-0.0694025849722006,0.07496643147532941
FLOW,2022-01-24,0.0165754141860228,0.07496643147532941
FLOW,2022-01-25,0.0004695683345423,0.09321007255068042
FLOW,2022-01-26,0.0461695490219131,0.07495689782208856
FLOW,2022-01-27,0.0837551996587173,0.08402201160007883
FLOW,2022-01-28,0.1537150733175905,0.07872289780756266
FLOW,2022-01-29,0.0540162313086454,0.0678552656343514
FLOW,2022-01-30,0.0098088009915655,0.07453210894404333
FLOW,2022-01-31,-0.0261844700135487,0.06224886947744942
FLOW,2022-02-01,-0.0863653194542998,0.019665683461130103
FLOW,2022-02-02,-0.0346175597849541,-0.04180939253504931
FLOW,2022-02-03,0.100913552182281,-0.046478630520360616
FLOW,2022-02-04,0.0167586926911775,-0.020519287485660058
FLOW,2022-02-05,0.1382217129347613,-0.060308430799752843
FLOW,2022-02-06,0.0112646178397011,-0.03136607186251938
FLOW,2022-02-07,-0.017723152055574,-0.034464619799479665
FLOW,2022-02-08,0.1282141050960494,-0.03688637577197194
FLOW,2022-02-09,-0.0516031816852421,-0.007791117628906097
FLOW,2022-02-10,-0.1064249027318051,-0.04186274843762457
FLOW,2022-02-11,0.0299962630152335,-0.01396245362647453
FLOW,2022-02-12,-0.029459562978798,-0.025994748303948514
FLOW,2022-02-13,-0.0284278632977653,0.006838986022406777
FLOW,2022-02-14,0.0747087585108394,-0.02874699939913508
FLOW,2022-02-15,-0.015042330340809,-0.03471685313948383
FLOW,2022-02-16,-0.116019585726971,-0.041576605344050305
FLOW,2022-02-17,-0.0160738186813592,-0.003352452905262015
FLOW,2022-02-18,-0.0281140504264664,0.020536822336027386
FLOW,2022-02-19,-0.0740613057605141,0.013864452626218297
FLOW,2022-02-20,-0.0947998695693482,0.007589759598069184
FLOW,2022-02-21,0.0676788546343014,-0.040980472210234715
FLOW,2022-02-22,-0.0248603881108999,-0.014342679146999618
FLOW,2022-02-23,0.0054021043561582,-0.04561433901320751
FLOW,2022-02-24,0.0414199033334947,-0.014637432398572523
FLOW,2022-02-25,0.0022559760823499,-0.004166844505602507
FLOW,2022-02-26,0.0136238913523312,-0.028724056430373665
FLOW,2022-02-27,0.103547530153611,-0.021543005393106173
FLOW,2022-02-28,0.0520674816875053,-0.010932852924545487
FLOW,2022-03-01,-0.0429240444093532,-0.004487555136951415
FLOW,2022-03-02,-0.0548578525877747,-0.0059486661141467815
FLOW,2022-03-03,-0.0625639706769821,-0.009595719485613345
FLOW,2022-03-04,0.028304129367513,-0.042194941666932904
FLOW,2022-03-05,-0.0377199354348196,-0.02019084607283493
FLOW,2022-03-06,0.0058473415050561,-0.024552501624807002
FLOW,2022-03-07,0.016421149407326,-0.03263361797604669
FLOW,2022-03-08,0.0516595889678013,-0.03650355412457731
FLOW,2022-03-09,-0.0410073471439431,-0.0030370725706934387
FLOW,2022-03-10,-0.0257487031713211,-0.047979185471862265
FLOW,2022-03-11,-0.0122541074973645,-0.04524394394650169
FLOW,2022-03-12,-0.0450457193559062,-0.05530875502712065
FLOW,2022-03-13,0.0104178412268574,-0.03938720260250547
FLOW,2022-03-14,-0.0155825250106069,-0.019513869393741508
FLOW,2022-03-15,0.0461251922448571,-0.004981824302856329
FLOW,2022-03-16,0.0184260896229495,-0.005081820754207493
FLOW,2022-03-17,0.004730278122673,-0.014438493996398174
FLOW,2022-03-18,0.0339760708068155,-0.015486522176414368
FLOW,2022-03-19,0.0012206378513714,-0.02215232136166755
FLOW,2022-03-20,0.0291627269851388,0.030945887356762753
MANA,2021-09-20,-0.0983954964483923,-0.002107045908182468
MANA,2021-09-21,0.2052514588456961,-0.02582159283207611
MANA,2021-09-22,0.0347885422568015,0.0028977595469157104
MANA,2021-09-23,-0.0820964717827007,0.012862200643527782
MANA,2021-09-24,-0.0064078441546638,0.0024251181768740774
MANA,2021-09-25,0.0213191550008267,0.010483331009616868
MANA,2021-09-26,-0.0634482699605512,0.004045078578653092
MANA,2021-09-27,-0.0679624047726007,0.021326829851740996
MANA,2021-09-28,0.0406121086845634,0.006400806367877072
MANA,2021-09-29,0.0662318287128893,0.0018330807628498288
MANA,2021-09-30,0.0932188491873258,0.005998176017830759
MANA,2021-10-01,-0.0001938661653477,0.020700974422805895
MANA,2021-10-02,0.0155330347929307,0.014353557264212058
MANA,2021-10-03,0.0048209225979451,0.010823678976893503
MANA,2021-10-04,0.0185189317315297,0.0014641424913759632
MANA,2021-10-05,-0.0070241391496901,-0.00205444833940608
MANA,2021-10-06,-0.0062401609840271,-0.0007205028183011941
MANA,2021-10-07,0.0484561720074421,0.007875023658606805
MANA,2021-10-08,0.0361393145882757,0.002378972214162236
MANA,2021-10-09,-0.0810497684048211,0.006868600078317379
MANA,2021-10-10,-0.0117390681279122,0.02292310892964779
MANA,2021-10-11,-0.0122301113178309,0.01254354213026139
MANA,2021-10-12,0.0209357185913099,0.00048366402180362555
MANA,2021-10-13,0.0088905494858106,0.0010153529277365002
MANA,2021-10-14,-0.0192368834373467,-0.0007529583250238522
MANA,2021-10-15,0.0645104880272966,-0.011388249252238964
MANA,2021-10-16,-0.0520948255538137,0.0017433557608810455
MANA,2021-10-17,-0.0245237346690772,-0.0079416435261088
MANA,2021-10-18,0.0332275958416516,0.015928940158970936
MANA,2021-10-19,0.0562459861597537,0.0037123843643040457
MANA,2021-10-20,-0.0322298667947339,-0.011332770227289337
MANA,2021-10-21,0.0018210211238882,-0.013348530511573236
MANA,2021-10-22,0.0005917684012932,-0.011650077061137645
MANA,2021-10-23,-0.0198845998628676,0.020937837711681357
MANA,2021-10-24,0.0427680699649863,-0.010112956460314687
MANA,2021-10-25,0.0085610610335913,-0.010271503516965867
MANA,2021-10-26,-0.0710808796331036,-0.006658025622493526
MANA,2021-10-27,0.2159621388306372,-0.02494759927916841
MANA,2021-10-28,0.5048200100788574,0.039754151339905654
MANA,2021-10-29,1.5127790652318192,0.01893160634228135
MANA,2021-10-30,-0.1915651370028269,0.014752788223254416
MANA,2021-10-31,0.0745270066472594,-0.0027515601054732292
MANA,2021-11-01,0.0293718399108682,0.0026894649434701405
MANA,2021-11-02,-0.0936932040707576,-0.007883732985951221
MANA,2021-11-03,-0.1149634025545675,0.0037146025157330106
MANA,2021-11-04,0.0351570919834876,0.010601983023944278
MANA,2021-11-05,0.0828607427404215,0.0171032406668609
MANA,2021-11-06,0.0016440469200942,0.010507552799205408
MANA,2021-11-07,-0.0444564671354246,0.014960803843715533
MANA,2021-11-08,-0.060886256303136,-0.04890828849584771
MANA,2021-11-09,-0.0234768640957371,0.020000180999146255
MANA,2021-11-10,0.0808103124188084,0.01337664962147921
MANA,2021-11-11,0.2369299187336153,0.016004438077010966
MANA,2021-11-12,-0.0211298860367381,0.03722614586974622
MANA,2021-11-13,-0.0101136402212671,0.023950649299973724
MANA,2021-11-14,0.0317877863289199,0.03468704931116876
MANA,2021-11-15,-0.0156883101800642,0.0577098579259881
MANA,2021-11-16,0.0210761717717349,0.05963634664691688
MANA,2021-11-17,0.1315571799325217,0.04948647877957195
MANA,2021-11-18,0.1385803814037167,0.02797669070880303
MANA,2021-11-19,-0.0624072692389879,0.04373448328519919
MANA,2021-11-20,-0.0852607766623442,0.008303992163811051
MANA,2021-11-21,0.1104777446180667,0.02336383897668715
MANA,2021-11-22,-0.0145692889857076,0.027330364614660606
MANA,2021-11-23,0.2757698196568983,0.032078075023032664
MANA,2021-11-24,0.0191293349662597,0.02484402583074271
MANA,2021-11-25,-0.1113869746618638,0.014327324134334322
MANA,2021-11-26,0.0033962436874974,0.039192657981883254
MANA,2021-11-27,0.0962132392818844,0.025348309040490263
MANA,2021-11-28,-0.0377599536045414,0.02086070683923578
MANA,2021-11-29,-0.0600474718151479,0.013185086685592838
MANA,2021-11-30,-0.0183107981013773,0.017264474694527594
MANA,2021-12-01,-0.032283741434418,0.028679703908938762
MANA,2021-12-02,-0.1059308478327462,0.01957052296946228
MANA,2021-12-03,0.0422624729800167,0.03760246265536233
MANA,2021-12-04,-0.0985460794559767,-0.0038191076046916778
MANA,2021-12-05,0.0230728131792699,-0.00259390037444963
MANA,2021-12-06,0.0113169300128952,0.0203491559665204
MANA,2021-12-07,-0.0149496454243067,0.031130179464561075
MANA,2021-12-08,-0.0756293198518972,0.06084307830510163
MANA,2021-12-09,-0.0666573455353727,0.026281620426915592
MANA,2021-12-10,0.0712671231887511,-0.002302436086974541
MANA,2021-12-11,0.0461238937486103,-0.009094551186319631
MANA,2021-12-12,-0.1261887812691333,-0.003025386996692554
MANA,2021-12-13,-0.0044698545789804,0.028386639254148145
MANA,2021-12-14,0.0501508142952926,0.010739152154007205
MANA,2021-12-15,-0.0521376955684921,-0.005075293358977563
MANA,2021-12-16,-0.0236851425126549,0.003634201808974552
MANA,2021-12-17,0.110391081762081,-0.002142908294548727
MANA,2021-12-18,-0.0442649330400635,-0.007092555138736459
MANA,2021-12-19,-0.0220760612958761,0.002768940135895223
MANA,2021-12-20,0.0283580434816792,-0.016874614457615105
MANA,2021-12-21,0.0020083000725381,0.0025543263110045784
MANA,2021-12-22,0.1195884241028755,0.013634263120117928
MANA,2021-12-23,-0.0500001112633717,0.042893707966027594
MANA,2021-12-24,0.0772204736377746,-0.0011194257664495872
MANA,2021-12-25,0.0267978423029808,0.04618123940226132
MANA,2021-12-26,-0.0335097120747863,0.06559590357727185
MANA,2021-12-27,-0.1023964653434814,0.03130680319481308
MANA,2021-12-28,-0.0337092987547287,0.041785247595254905
MANA,2021-12-29,0.017290016420687,0.03077102484311064
MANA,2021-12-30,-0.0079981241835807,0.03961834941676548
MANA,2021-12-31,0.020247582823252,0.024138613148712743
MANA,2022-01-01,0.0001744708968847,0.027848403860933443
MANA,2022-01-02,-0.025810684796893,-0.011070113007016418
MANA,2022-01-03,-0.0238546226342093,-0.034448662724959195
MANA,2022-01-04,-0.0773434979168157,-0.023257364066186056
MANA,2022-01-05,0.1503735874978551,0.018389449751682534
MANA,2022-01-06,-0.0983708815280062,0.017941850638269988
MANA,2022-01-07,-0.033207906077129,0.018676736953242054
MANA,2022-01-08,0.0025249943061242,-0.006157385869077317
MANA,2022-01-09,-0.0445960109561826,0.02178411451704268
MANA,2022-01-10,0.0416871072561733,0.05256561841090399
MANA,2022-01-11,0.0543970332914125,0.004331865356730263
MANA,2022-01-12,-0.0624766622100233,-0.0007184521560430327
MANA,2022-01-13,0.0205998941335971,-0.02494943697872577
MANA,2022-01-14,0.0117541944158667,-0.015063747442820644
MANA,2022-01-15,0.0442860536918006,0.011858481187922636
MANA,2022-01-16,-0.0705893783778732,-0.03260944848424919
MANA,2022-01-17,-0.0167757155916379,-0.0251250561197017
MANA,2022-01-18,-0.0431596042994573,-0.012472581991844336
MANA,2022-01-19,-0.0367430648347961,-0.007827743673770718
MANA,2022-01-20,-0.1646518317024374,0.015299817519721098
MANA,2022-01-21,-0.0799858052755762,0.013060189290992272
MANA,2022-01-22,0.0446978654880065,0.035832191040284025
MANA,2022-01-23,-0.013312874843481,0.012051686573675679
MANA,2022-01-24,0.0157207307272111,0.01643622834970482
MANA,2022-01-25,0.018298338556379,0.03636087861568463
MANA,2022-01-26,0.0455328683014855,0.02486713927484578
MANA,2022-01-27,0.0120130516824727,0.014426363054376022
MANA,2022-01-28,0.0373645904424029,0.028068650006716343
MANA,2022-01-29,0.0619582316752174,0.006310618813978191
MANA,2022-01-30,0.1217827956153303,0.03639713912121753
MANA,2022-01-31,-0.0464499298978684,0.02976487015120318
MANA,2022-02-01,-0.0571487324389512,0.03286858416950247
MANA,2022-02-02,0.0391337121506161,0.02116377939173053
MANA,2022-02-03,0.0680510474903262,0.014061995937276877
MANA,2022-02-04,0.0724873762168054,0.05688135289430447
MANA,2022-02-05,0.0932631252623177,-0.0027014850659179924
MANA,2022-02-06,0.0006304929440037,0.014312852613348115
MANA,2022-02-07,0.0531642833806542,-0.018327355318137777
MANA,2022-02-08,-0.0397085720793486,-0.022349906422134316
MANA,2022-02-09,-0.0601719451339857,0.02580755162058385
MANA,2022-02-10,-0.0697551617847086,-0.019857906769773608
MANA,2022-02-11,-0.0051468273680329,0.002219574759746654
MANA,2022-02-12,-0.0206768875160658,-0.005826780864719802
MANA,2022-02-13,0.0022769564622127,0.011677124972409698
MANA,2022-02-14,0.1671776896298074,-0.02081938734666395
MANA,2022-02-15,-0.0200189882306495,-0.026772377184370547
MANA,2022-02-16,-0.0598293751650914,-0.024603377905837127
MANA,2022-02-17,-0.033472068718952,0.03620144103149575
MANA,2022-02-18,-0.0265049562901524,0.03431142254814169
MANA,2022-02-19,-0.0672092103428774,0.03870773109214775
MANA,2022-02-20,-0.0815663047780436,0.06041625241272214
MANA,2022-02-21,0.0653247325076038,0.04955292192653654
MANA,2022-02-22,-0.0244447903935375,0.0485241803589418
MANA,2022-02-23,0.0053004800489098,0.048197360866560686
MANA,2022-02-24,0.0603757809606304,0.06701480193945981
MANA,2022-02-25,-0.0243929667699329,0.05532592409314592
MANA,2022-02-26,-0.041707616933958,0.027769298016297145
MANA,2022-02-27,0.1126306577669351,0.039742967619765715
MANA,2022-02-28,-0.0030847192917199,0.006501167046755261
MANA,2022-03-01,-0.0306175622184123,0.013198072157113813
MANA,2022-03-02,-0.0422079050020159,0.018236288985958807
MANA,2022-03-03,-0.0626187303832092,0.003436676436174794
MANA,2022-03-04,0.0356851753748901,0.03471040601058288
MANA,2022-03-05,-0.0544371157601204,0.026236543245787027
MANA,2022-03-06,-0.0245887482103044,0.044176578437225694
MANA,2022-03-07,0.0118713122484224,0.02066446860065872
MANA,2022-03-08,0.0447398704571795,0.03349815904885634
MANA,2022-03-09,-0.0502084674382601,0.0248268616929964
MANA,2022-03-10,-0.0274870044874568,0.01563633330483095
MANA,2022-03-11,0.006771000326003,0.010926536273950363
MANA,2022-03-12,-0.0285278325668265,0.0324912895878074
MANA,2022-03-13,0.0219293043985455,0.04965295134684222
MANA,2022-03-14,-0.0125865177757199,0.011183735953664821
MANA,2022-03-15,0.0987255802584108,0.012437940348942307
MANA,2022-03-16,-0.0231414498834249,0.024938400407678772
MANA,2022-03-17,0.0029355310743051,-0.00607433395840419
MANA,2022-03-18,0.0239822526580206,-0.017382539944659117
MANA,2022-03-19,-0.0431831761298709,-0.0139350202279402
MANA,2022-03-20,0.0038620631394969,0.027424353322827583
MATIC,2021-09-20,-0.0829836335805951,-0.02994511400452389
MATIC,2021-09-21,0.1750822430381815,-0.016441048875569318
MATIC,2021-09-22,-0.0030038851896319,-0.00816296253026919
MATIC,2021-09-23,-0.078241618883333,-0.009131561288145773
MATIC,2021-09-24,6.804518023084682e-05,0.0060167199961036364
MATIC,2021-09-25,-0.0012410437695075,-0.0008751602894949771
MATIC,2021-09-26,-0.0318438099911398,0.017916928232937626
MATIC,2021-09-27,-0.0359585998342172,0.023898787883705842
MATIC,2021-09-28,0.0464823785162586,0.0038836003066447856
MATIC,2021-09-29,0.0244578848028358,0.0109335099050519
MATIC,2021-09-30,0.1236997045901724,0.016554310638051253
MATIC,2021-10-01,0.025184856112957,-0.006389374374791677
MATIC,2021-10-02,0.0217793623994393,-0.001393408835894823
MATIC,2021-10-03,-0.0370276593942008,0.005911338717461331
MATIC,2021-10-04,0.0302607209917118,0.006430786581819897
MATIC,2021-10-05,-0.0408125159166269,0.004002215913463115
MATIC,2021-10-06,0.0143799995270497,0.00971708317978834
MATIC,2021-10-07,0.0468185368923552,0.008083708886924352
MATIC,2021-10-08,0.0102941196769104,0.005734035029629646
MATIC,2021-10-09,-0.0765930859369613,0.001640166730056022
MATIC,2021-10-10,-0.0053813327369404,0.004761431614958495
MATIC,2021-10-11,-0.0179711753848424,-0.005655285629217417
MATIC,2021-10-12,0.0167567774543182,0.004075369659563144
MATIC,2021-10-13,0.0198822483032699,-0.0003273011210691176
MATIC,2021-10-14,0.2464434885092503,-0.000948062537792267
MATIC,2021-10-15,-0.0434644501471052,-0.00033958782932176466
MATIC,2021-10-16,-0.032105886901828,0.015937429679067295
MATIC,2021-10-17,0.0114127726663173,0.019677345388331196
MATIC,2021-10-18,-0.0001396146050339,0.015374127548429439
MATIC,2021-10-19,0.0371188916279512,0.012094373580288744
MATIC,2021-10-20,-0.0147008241382289,0.005191494122523606
MATIC,2021-10-21,0.0038813512893316,0.001340416960212279
MATIC,2021-10-22,0.0819830401648644,0.00881271531480097
MATIC,2021-10-23,-0.0425359156446888,0.01635666366227734
MATIC,2021-10-24,0.0659628989909211,0.007699005476280563
MATIC,2021-10-25,0.0399768944219312,0.00046908540644208805
MATIC,2021-10-26,0.0245104233434467,0.03025470852670383
MATIC,2021-10-27,0.1844097747950395,0.008498573635313337
MATIC,2021-10-28,-0.0394181441531721,-0.00036004751874125655
MATIC,2021-10-29,-0.0826346337726783,-0.028575877710453012
MATIC,2021-10-30,0.041659415901186,-0.05247955997800762
MATIC,2021-10-31,-0.0136017622140351,-0.017849457763631508
MATIC,2021-11-01,0.01452695948152,-0.018836639478215778
MATIC,2021-11-02,0.0474432162515301,-0.013236462586151142
MATIC,2021-11-03,-0.0550188008179916,0.0010368218217874216
MATIC,2021-11-04,-0.0094067475920638,-0.007904613440240137
MATIC,2021-11-05,-0.0080375284649492,-0.006886317208008423
MATIC,2021-11-06,-0.000306896129105,-0.005118411201948363
MATIC,2021-11-07,0.0062154253879915,0.012672245312564107
MATIC,2021-11-08,-0.0670564740078878,-0.04229101656051512
MATIC,2021-11-09,-0.0350094658121953,-0.009472911237663743
MATIC,2021-11-10,0.0314021106531354,-0.011655623157589192
MATIC,2021-11-11,-0.0223699949109148,-0.01109346964368255
MATIC,2021-11-12,0.0192671096537355,0.01825436680181264
MATIC,2021-11-13,-0.0150650783495666,-0.004489260384415974
MATIC,2021-11-14,-0.0179312020220008,0.04434153128376958
MATIC,2021-11-15,-0.075149228480455,0.004682328527848113
MATIC,2021-11-16,0.0421113223018942,0.030066936494989403
MATIC,2021-11-17,-0.0922398525890632,0.029092876960798663
MATIC,2021-11-18,0.0904472227753809,0.016950529422612257
MATIC,2021-11-19,0.0301549142924937,0.00632477285279579
MATIC,2021-11-20,-0.0379101631736391,0.009410357733756435
MATIC,2021-11-21,-0.0265124530686343,-0.005979890016650832
MATIC,2021-11-22,0.1244197331938019,0.029015401496153316
MATIC,2021-11-23,-0.0375859806854619,0.0320639588546017
MATIC,2021-11-24,0.1379042734174671,0.04005497194224135
MATIC,2021-11-25,-0.1480883999251474,0.04161545314944048
MATIC,2021-11-26,-0.0194228312762219,0.0163563563548117
MATIC,2021-11-27,0.0283530303665788,-0.0033813044256700325
MATIC,2021-11-28,0.1022071297117459,0.02869503772894506
MATIC,2021-11-29,-0.014822491589177,0.03859908515726138
MATIC,2021-11-30,0.1205952838133308,0.02813856094685688
MATIC,2021-12-01,0.0549564702356348,0.030459740613019023
MATIC,2021-12-02,0.0793986509268915,0.04797638291080438
MATIC,2021-12-03,-0.1385195465010547,0.0410816485039416
MATIC,2021-12-04,0.0294654759570558,0.040929782421644835
MATIC,2021-12-05,0.1183320261336469,0.036161063107030086
MATIC,2021-12-06,0.0386691982869062,0.03195934256449222
MATIC,2021-12-07,0.0300673197698155,0.024096050146739136
MATIC,2021-12-08,-0.1327898893945899,-0.007956105999792315
MATIC,2021-12-09,-0.0085821033506701,0.02868390065384363
MATIC,2021-12-10,0.0217584494854192,0.006536539219690358
MATIC,2021-12-11,-0.0211755955444347,-0.018660613449829146
MATIC,2021-12-12,-0.1269804006755993,-0.01598746614916755
MATIC,2021-12-13,0.0646082499984102,0.06406737240340514
MATIC,2021-12-14,0.091423084051563,0.05390660797723643
MATIC,2021-12-15,-0.0132246494256483,0.027762903527365625
MATIC,2021-12-16,0.0215879613746436,0.039585129599893576
MATIC,2021-12-17,0.0426761998323936,0.0380758583537554
MATIC,2021-12-18,-0.0019901742199508,0.023851951704717326
MATIC,2021-12-19,-0.041393371069446,0.012408112851933339
MATIC,2021-12-20,0.1113018018143807,0.011397411196523067
MATIC,2021-12-21,0.057386258743175,0.005145957699691069
MATIC,2021-12-22,0.0688885792486349,0.03136756063816918
MATIC,2021-12-23,-0.0817085415593363,0.04613940109610845
MATIC,2021-12-24,0.0781094326095963,0.036127525274779033
MATIC,2021-12-25,0.0874689640147687,0.03916909333004233
MATIC,2021-12-26,-0.053097316878638,0.03456465393849233
MATIC,2021-12-27,-0.0809966037473067,0.015714034311898866
MATIC,2021-12-28,-0.0159501601835456,0.04123093563806516
MATIC,2021-12-29,0.0364080294297304,0.02900963725721795
MATIC,2021-12-30,-0.0118474973361277,0.033412178051708555
MATIC,2021-12-31,0.0171372762384218,0.028895036547617766
MATIC,2022-01-01,-0.0081886994615173,0.019473465128178425
MATIC,2022-01-02,-0.0475564373462765,0.01749363441002635
MATIC,2022-01-03,-0.0250960170376116,0.0008067832499981609
MATIC,2022-01-04,-0.0732309378519756,-0.004223614598618708
MATIC,2022-01-05,0.024396519366505,0.01788864092929419
MATIC,2022-01-06,-0.0880427466980373,0.024087869318002393
MATIC,2022-01-07,-0.0265228483939075,0.011124092875435523
MATIC,2022-01-08,0.0617888455861757,-0.03160240220646443
MATIC,2022-01-09,-0.0246555985869517,-0.03046031126178618
MATIC,2022-01-10,0.1404317692446979,0.01930154589388644
MATIC,2022-01-11,0.0130749717419138,-0.008797837308906107
MATIC,2022-01-12,-0.0500707669568301,-0.007641595862372162
MATIC,2022-01-13,0.0318813426944117,-0.024934985863787153
MATIC,2022-01-14,0.0058904852006378,-0.03142154053266694
MATIC,2022-01-15,-0.009677406884253,0.003765610821132621
MATIC,2022-01-16,-0.0486515068378482,-0.03191438804760983
MATIC,2022-01-17,-0.0421002732237428,-0.040899208104109144
MATIC,2022-01-18,-0.0435769630757078,-0.03456756943321406
MATIC,2022-01-19,-0.0350504462021813,-0.03701635581645266
MATIC,2022-01-20,-0.1382460297436598,-0.008396597946759465
MATIC,2022-01-21,-0.0942811864384235,0.018262914677639134
MATIC,2022-01-22,0.0519653100895387,-0.014153332808274695
MATIC,2022-01-23,-0.0616301764579859,-0.035373534851237176
MATIC,2022-01-24,0.0357820677833213,-0.031233574045467484
MATIC,2022-01-25,0.0159417283660237,-0.0048813566295013
MATIC,2022-01-26,0.0008017180091057,-0.01517087571697611
MATIC,2022-01-27,0.0554769954012785,-0.0397572101862959
MATIC,2022-01-28,0.0088287142182694,-0.016610038757120856
MATIC,2022-01-29,-0.0508832180994658,-0.04982194513273137
MATIC,2022-01-30,0.0211656208938364,0.0007545851939489871
MATIC,2022-01-31,0.0058355582633766,-0.024546883424655136
MATIC,2022-02-01,-0.0690760135928019,-0.010545076830216915
MATIC,2022-02-02,0.0041284248105115,-0.044591774843734555
MATIC,2022-02-03,0.0950801660093811,-0.0395236330926573
MATIC,2022-02-04,0.0134721406249658,-0.00229191543622551
MATIC,2022-02-05,0.0146665043695379,-0.013493899094631383
MATIC,2022-02-06,0.16802641125277,0.03822529684965833
MATIC,2022-02-07,-0.0409099619640882,-0.0001426319041176932
MATIC,2022-02-08,0.0522880590753387,-0.014894878822192995
MATIC,2022-02-09,-0.0742933621602152,0.025073417800714867
MATIC,2022-02-10,-0.0970026257704611,0.017927023502376266
MATIC,2022-02-11,-0.0099907607164212,0.012819533874202064
MATIC,2022-02-12,-0.0132202825051209,-0.010619350408599612
MATIC,2022-02-13,-0.0077866839869479,-0.006196119050070875
MATIC,2022-02-14,0.1179929446363876,-0.03318644559727407
MATIC,2022-02-15,-0.0076288305863131,-0.019563662317037052
MATIC,2022-02-16,-0.1008797086864592,-0.007887027206095345
MATIC,2022-02-17,-0.0364619478357818,-0.014594840924369473
MATIC,2022-02-18,0.0213861989929091,-0.002693306182374925
MATIC,2022-02-19,-0.068870924819153,0.012242216656351956
MATIC,2022-02-20,-0.0722876440789193,0.009666073902078938
MATIC,2022-02-21,0.0409144143028219,0.00031571726496587544
MATIC,2022-02-22,-0.0153733733035681,0.022933910330049833
MATIC,2022-02-23,-0.0034102349309771,-0.006228515979875469
MATIC,2022-02-24,0.0806528677996896,0.020346440456911138
MATIC,2022-02-25,-0.0273534088064618,-0.0028038042574553106
MATIC,2022-02-26,-0.0368334329655677,0.004535268803797841
MATIC,2022-02-27,0.1043037135420896,0.007602412048763597
MATIC,2022-02-28,0.0080809722586383,-0.005262972194753322
MATIC,2022-03-01,0.0111983386803158,0.005373561244615481
MATIC,2022-03-02,-0.0322657199295784,0.013452187984609532
MATIC,2022-03-03,-0.0698085689840211,-0.009675095628259392
MATIC,2022-03-04,0.0221887220361627,-0.0030810805035353167
MATIC,2022-03-05,-0.0453526522612327,0.015217026413886408
MATIC,2022-03-06,-0.0168834543151412,-0.006210836189423624
MATIC,2022-03-07,0.0215072220800174,0.003151155746947354
MATIC,2022-03-08,0.0375769398765082,0.005943001827937406
MATIC,2022-03-09,-0.0375546191135579,0.004291293324434785
MATIC,2022-03-10,-0.0255247099891889,-0.0069469693464378835
MATIC,2022-03-11,-0.0051501411375013,0.01656898216181171
MATIC,2022-03-12,-0.027257073042028,0.02427192131985094
MATIC,2022-03-13,0.0110015336619551,-0.008180889429209874
MATIC,2022-03-14,0.0025663819696668,0.004375199442249933
MATIC,2022-03-15,0.0645229383000003,0.00014844898378575915
MATIC,2022-03-16,-0.0130552593090276,0.03290363009562272
MATIC,2022-03-17,0.033536150060357,0.01914014099729734
MATIC,2022-03-18,0.0195870983688242,0.013806370317624283
MATIC,2022-03-19,-0.0400448928393016,0.015105236406113574
MATIC,2022-03-20,7.437334458071376e-06,0.03556278728727917
SOL,2021-09-20,-0.0789854476076464,0.013570916647588976
SOL,2021-09-21,0.2025694199396197,-0.01250072034128338
SOL,2021-09-22,0.0127259100185173,0.02071159821010133
SOL,2021-09-23,-0.0703297802798863,0.037513067014458445
SOL,2021-09-24,-0.018893237684135,0.04460081284290605
SOL,2021-09-25,-0.0063541131741259,0.041419474121294965
SOL,2021-09-26,0.006433392632374,0.023612031966058312
SOL,2021-09-27,-0.0417146087979646,0.06238076393495079
SOL,2021-09-28,0.0311472657621221,0.05018213507143435
SOL,2021-09-29,0.0440697693833054,0.03982570421477442
SOL,2021-09-30,0.1433967725963647,0.035980751876632265
SOL,2021-10-01,0.0501810460064329,0.04040046337679593
SOL,2021-10-02,0.0172847872503074,0.01884911790749824
SOL,2021-10-03,-0.0283482870794294,0.06431475868561355
SOL,2021-10-04,-0.0192426859973435,0.07779907923427706
SOL,2021-10-05,-0.0610137550980081,0.07773766571856684
SOL,2021-10-06,-0.0002516257907538,0.022343620324634616
SOL,2021-10-07,0.0282854677369435,0.056051877882795156
SOL,2021-10-08,-0.0082604893839128,0.052226165481815065
SOL,2021-10-09,-0.0601991813647802,0.012586797917389411
SOL,2021-10-10,-0.0216483510598134,0.025731002982052675
SOL,2021-10-11,0.0562464404519715,0.037293664765818545
SOL,2021-10-12,-0.0287078366808878,0.03021944133585665
SOL,2021-10-13,0.0108780629098741,0.0473546572986187
SOL,2021-10-14,0.0859243591740732,0.00854516541521578
SOL,2021-10-15,-0.0295251269573981,0.0029175061241105906
SOL,2021-10-16,0.0103142589844364,0.06384562476157385
SOL,2021-10-17,-0.0164209452068029,0.05782583889612265
SOL,2021-10-18,-0.0049561361883293,0.05466631413683674
SOL,2021-10-19,0.1203239917308536,-0.011426259693704548
SOL,2021-10-20,0.0844160755460312,0.014110012978705759
SOL,2021-10-21,0.0367965505332581,0.020807961942139044
SOL,2021-10-22,0.0027024943272113,0.04845427659212796
SOL,2021-10-23,0.0221695320798234,0.030786461469093203
SOL,2021-10-24,0.0410003296264831,0.020864970909568115
SOL,2021-10-25,-0.0467009844095932,0.024195959551251044
SOL,2021-10-26,-0.0773003437524982,0.046668516649624264
SOL,2021-10-27,0.0530762983329184,0.021105717826238622
SOL,2021-10-28,0.0287267237574522,0.055608584918258604
SOL,2021-10-29,-0.0311896714526686,0.04069499406374981
SOL,2021-10-30,0.0446170193167838,0.02980059660516207
SOL,2021-10-31,0.0060891346098064,8.901696567022887e-05
SOL,2021-11-01,0.0892263312977583,0.007295457745864226
SOL,2021-11-02,0.082766466262701,0.05833185842687054
SOL,2021-11-03,0.0310150481598214,0.035574398852071525
SOL,2021-11-04,-0.043889089608027,0.04945399446350213
SOL,2021-11-05,0.0921217186298473,0.0673065737362159
SOL,2021-11-06,-0.0341624571682667,0.08202844045469221
SOL,2021-11-07,-0.0022197103375701,0.09602708725972194
SOL,2021-11-08,-0.0404293108539941,0.05767421827661402
SOL,2021-11-09,-0.0273795637864777,0.03207940872817542
SOL,2021-11-10,0.0084360712861486,0.04116790769721357
SOL,2021-11-11,-0.0237085880437206,0.03910617151707239
SOL,2021-11-12,0.0513879520199116,0.04752513548501426
SOL,2021-11-13,-0.0114102247194369,0.04856083137288933
SOL,2021-11-14,0.0002797182364007,0.06404032798794661
SOL,2021-11-15,-0.078657203404845,0.07594109113494187
SOL,2021-11-16,-0.0025193475131529,0.05930991059351052
SOL,2021-11-17,-0.1115315805227357,0.05512989672651197
SOL,2021-11-18,0.1056310838634722,0.03777813804247869
SOL,2021-11-19,0.0154302662739753,0.03848721734199364
SOL,2021-11-20,0.0538503818164646,0.0543242849861995
SOL,2021-11-21,-0.0585451421112992,0.05155239421012045
SOL,2021-11-22,0.0265094722603635,0.04967884033683441
SOL,2021-11-23,-0.0769118421363068,0.048758966623177455
SOL,2021-11-24,0.0238324539906582,0.05394111550813813
SOL,2021-11-25,-0.0858900468999509,0.0513585964459628
SOL,2021-11-26,0.0024504120917834,0.048704589371458634
SOL,2021-11-27,0.0427391564622294,0.03314926111668983
SOL,2021-11-28,0.0210359402342246,0.04152536946970011
SOL,2021-11-29,0.0217560114582271,0.06414708721314329
SOL,2021-11-30,0.0972049753126904,0.04565758104968766
SOL,2021-12-01,0.0108096116362252,0.04645222402524784
SOL,2021-12-02,-0.0852897976317077,0.043116873848661946
SOL,2021-12-03,-0.0562602365672996,0.05323204162035594
SOL,2021-12-04,-0.0195582700430619,0.013407467529214005
SOL,2021-12-05,-0.0155663239291052,-0.0031054639526356662
SOL,2021-12-06,-0.0176869730171811,0.04603394125953459
SOL,2021-12-07,0.0232386372821356,0.05222522317661741
SOL,2021-12-08,-0.0628501490154558,0.040435817753153386
SOL,2021-12-09,-0.0672306490294339,0.0713489685042061
SOL,2021-12-10,0.0117568746678276,0.01309110088461439
SOL,2021-12-11,0.0117472901518678,0.036559811111102604
SOL,2021-12-12,-0.1063821660673949,0.04427559568058597
SOL,2021-12-13,0.0362927894682403,0.02134883104847553
SOL,2021-12-14,0.1047794850449028,0.04720781400539897
SOL,2021-12-15,-0.0040880388363689,0.06649931751666736
SOL,2021-12-16,-0.0078600620130044,0.06401179897511992
SOL,2021-12-17,0.0391448796132127,0.031074929867430275
SOL,2021-12-18,-0.016695286559731,0.07022075866727331
SOL,2021-12-19,-0.0319016914979227,0.06895735562089826
SOL,2021-12-20,0.0347201734735855,0.03041548015925507
SOL,2021-12-21,-0.0081053302109661,0.049387512787993464
SOL,2021-12-22,0.0659052241755635,0.03363575632789821
SOL,2021-12-23,-0.0008125879739229,0.05918592218778452
SOL,2021-12-24,0.0213181734061294,0.04827654402829496
SOL,2021-12-25,0.0194827362944987,0.06053808645604536
SOL,2021-12-26,-0.0126471776672603,0.057264319328914494
SOL,2021-12-27,-0.0890730292683844,0.07319493504182403
SOL,2021-12-28,-0.0408595797005129,0.05005174227373711
SOL,2021-12-29,0.0099004187531748,0.05537593789847023
SOL,2021-12-30,-0.011784056655693,0.05733743804661664
SOL,2021-12-31,0.0434310528026178,0.045258265175328626
SOL,2022-01-01,-0.0084968770984409,0.05697707500007309
SOL,2022-01-02,-0.034384751489679,0.06900535549451708
SOL,2022-01-03,-0.0138607213240153,0.02591955073479876
SOL,2022-01-04,-0.076626623536019,0.018746663034678427
SOL,2022-01-05,-0.0299496932891554,0.03125758909223777
SOL,2022-01-06,-0.0939735624459965,0.03170593875609057
SOL,2022-01-07,0.0461472936951268,0.02124229516541041
SOL,2022-01-08,-0.0124613432808184,0.033326278361179115
SOL,2022-01-09,-0.0356977555612543,0.03129236322818065
SOL,2022-01-10,0.0306373342913175,0.050934523144883156
SOL,2022-01-11,0.0831520271766381,0.08119876578504687
SOL,2022-01-12,-0.0362717705469584,0.08174174655281219
SOL,2022-01-13,0.0009847146470705,0.04232355151390085
SOL,2022-01-14,0.0101489473813856,0.03675811034570616
SOL,2022-01-15,0.0008123690525794,0.06605711394687205
SOL,2022-01-16,-0.0540381803178147,0.03001629104585895
SOL,2022-01-17,0.0102509375542985,0.03478634050396335
SOL,2022-01-18,-0.0423232510124024,0.02651677934680341
SOL,2022-01-19,-0.0603534881358533,0.0395064022008059
SOL,2022-01-20,-0.125186050574581,0.011676373203197855
SOL,2022-01-21,-0.1536284976738391,0.0439572120637394
SOL,2022-01-22,0.0549027397961208,0.045575967807719435
SOL,2022-01-23,-0.075446474859396,0.06057252833184047
SOL,2022-01-24,0.034972930945575,0.053965292776873064
SOL,2022-01-25,-0.0299346979488835,0.06539177131005369
SOL,2022-01-26,-0.0272701227537844,0.06518428904054013
SOL,2022-01-27,0.0164970354186597,0.036531319916883215
SOL,2022-01-28,0.0557130040514959,0.0673894428883781
SOL,2022-01-29,-0.0292761274893279,0.05791706364133757
SOL,2022-01-30,0.0665217828865196,0.06261107283941483
SOL,2022-01-31,0.1067843914688295,0.061449134682097936
SOL,2022-02-01,-0.0785384650256131,0.06306434972496973
SOL,2022-02-02,-0.0057678343366202,0.05333510413715033
SOL,2022-02-03,0.1121934843902827,0.049240122438302884
SOL,2022-02-04,0.0108837697103747,0.0892839883067796
SOL,2022-02-05,0.0141638532250973,0.04458614648234401
SOL,2022-02-06,0.0214372609274888,0.08484630011053125
SOL,2022-02-07,-0.0351024644252477,0.0610008213650395
SOL,2022-02-08,0.0055553937951604,0.06843445039971827
SOL,2022-02-09,-0.069264670776965,0.08192273006352363
SOL,2022-02-10,-0.0927302189773269,0.06568017543173293
SOL,2022-02-11,-0.0081413715462693,0.0543156550560379
SOL,2022-02-12,-0.0232412237638297,0.06392711370186414
SOL,2022-02-13,0.0325711708139337,0.07330997930418692
SOL,2022-02-14,0.0869164966375006,0.04845364492338391
SOL,2022-02-15,-0.026348822391539,0.05274542172700909
SOL,2022-02-16,-0.0859339793803122,0.041760628064786774
SOL,2022-02-17,-0.0348412810057123,0.045139625688758345
SOL,2022-02-18,0.0161221683210119,0.05048842849007376
SOL,2022-02-19,-0.0075231670348854,0.044855916308502206
SOL,2022-02-20,-0.0841994347976122,0.06087751870441153
SOL,2022-02-21,0.0405409603284312,0.049696637450034456
SOL,2022-02-22,-0.0195734291675049,0.06149739715838101
SOL,2022-02-23,0.0493734036907262,0.0642212346998205
SOL,2022-02-24,0.0390240423176284,0.06861581339003837
SOL,2022-02-25,-0.0265116903659605,0.0671634576918548
SOL,2022-02-26,-0.0498004008369222,0.06518551146686628
SOL,2022-02-27,0.1614911745430278,0.0675322859227405
SOL,2022-02-28,-0.0068222884899411,0.05816120579478387
SOL,2022-03-01,0.0215434892265391,0.0925169125446506
SOL,2022-03-02,-0.0526967110669257,0.0820373168106081
SOL,2022-03-03,-0.076062967494427,0.06877223950206958
SOL,2022-03-04,0.0165403634535585,0.050169619313418276
SOL,2022-03-05,-0.0561247474095986,0.06186231330614814
SOL,2022-03-06,-0.0307270156829825,0.0475445803563034
SOL,2022-03-07,0.0008220292779053,0.06956061287685639
SOL,2022-03-08,0.0730276720748224,0.052020733151929066
SOL,2022-03-09,-0.0580403389781712,0.061290244924850974
SOL,2022-03-10,-0.0273693513438317,0.048833174993775694
SOL,2022-03-11,0.0108188798175752,0.047224109278961285
SOL,2022-03-12,-0.0333423724541633,0.051821674708679925
SOL,2022-03-13,0.027019949978849,0.060386962469714665
SOL,2022-03-14,0.0231109909287132,0.05310956170087331
SOL,2022-03-15,0.0580182695410618,0.05406242254229289
SOL,2022-03-16,0.0008908447674753,0.061975351835304185
SOL,2022-03-17,0.0216037415377101,0.053229532945359204
SOL,2022-03-18,0.0298723835344776,0.042121930667141004
SOL,2022-03-19,-0.0400885558282345,0.0509212754736454
SOL,2022-03-20,0.0009921642476646,0.047960870239514175
TFUEL,2021-09-20,-0.0194548312093886,0.004625627006870088
TFUEL,2021-09-21,0.1021140573969794,0.006766520551471397
TFUEL,2021-09-22,0.0207044205655433,-0.03001661503228757
TFUEL,2021-09-23,-0.0714751087257986,0.027305094369697986
TFUEL,2021-09-24,-0.0066885336979473,0.052930206306856055
TFUEL,2021-09-25,0.0300696558311117,0.09314974204934252
TFUEL,2021-09-26,-0.0266318431834355,0.09024301920261658
TFUEL,2021-09-27,-0.0539463280717613,0.0803199776775986
TFUEL,2021-09-28,0.0056674045249871,0.07685306522108107
TFUEL,2021-09-29,0.0340514384111267,0.09029761173532502
TFUEL,2021-09-30,0.1163882573378085,0.07417551100898817
TFUEL,2021-10-01,0.0313933750511348,0.07591477638991068
TFUEL,2021-10-02,-0.0197511850784645,0.10242616552120945
TFUEL,2021-10-03,0.0044716587076842,0.08316307506783124
TFUEL,2021-10-04,0.0389339826744219,0.08566450408160865
TFUEL,2021-10-05,-0.020538327560548,0.08090676500423014
TFUEL,2021-10-06,0.0039019435040663,0.095013616565461
TFUEL,2021-10-07,0.0164497915091654,0.12630824027652754
TFUEL,2021-10-08,0.0187225721346959,0.120314360291009
TFUEL,2021-10-09,-0.0482272213622804,0.09448471851894402
TFUEL,2021-10-10,-0.0069716560055321,0.07688779480702933
TFUEL,2021-10-11,-0.0320397330481491,0.0739323052887328
TFUEL,2021-10-12,0.0156928534804032,0.06493634169974877
TFUEL,2021-10-13,-0.0042664678152575,0.06763591011416419
TFUEL,2021-10-14,-0.0120827981723931,0.04230577638217661
TFUEL,2021-10-15,-0.0139913725932508,0.02887634868300951
TFUEL,2021-10-16,-0.0029388270091708,0.051571638905736655
TFUEL,2021-10-17,-0.0048917651743267,0.04101202668222207
TFUEL,2021-10-18,0.008020480890565,0.05831646929947886
TFUEL,2021-10-19,0.0327052061310833,0.04567161531031406
TFUEL,2021-10-20,-0.0277613230617321,0.0486218652987597
TFUEL,2021-10-21,0.0610827146777672,0.007272251296303845
TFUEL,2021-10-22,-0.0077645524583866,0.012246391801084533
TFUEL,2021-10-23,-0.01517186972053,0.020026918490800828
TFUEL,2021-10-24,0.0516069530713805,0.022682614318568824
TFUEL,2021-10-25,0.0664970382196064,0.013490954868687672
TFUEL,2021-10-26,-0.0541234337829282,0.023234275286931467
TFUEL,2021-10-27,0.0306564090712786,0.015366888943749461
TFUEL,2021-10-28,0.1074880192472473,0.0077833643320356595
TFUEL,2021-10-29,0.0890954814046804,0.0013184413129143267
TFUEL,2021-10-30,-0.0891376411299215,0.017680025382408843
TFUEL,2021-10-31,-0.0144090578121531,0.023574046228215823
TFUEL,2021-11-01,0.0315297405699708,0.0339621140936589
TFUEL,2021-11-02,0.0374683883009931,0.05486697975387421
TFUEL,2021-11-03,-0.0135068387909615,0.03247370134534799
TFUEL,2021-11-04,0.0209039431145496,0.017899016860751547
TFUEL,2021-11-05,0.0126797655805628,0.0694997388393323
TFUEL,2021-11-06,0.0135694881557411,0.07184792229903886
TFUEL,2021-11-07,-0.0038828813091783,0.026278770201234147
TFUEL,2021-11-08,-0.0245584878275518,-0.0072433231847959315
TFUEL,2021-11-09,-0.0733321249872726,-0.03608125894957038
TFUEL,2021-11-10,0.0085608783359745,-0.004849143422578173
TFUEL,2021-11-11,-0.0147788756705081,-0.013019021220777438
TFUEL,2021-11-12,-0.014327281809113,-0.02119656877267998
TFUEL,2021-11-13,-0.0201195331402019,-0.023056279088434942
TFUEL,2021-11-14,-0.0004276082582651,-0.02142625706644242
TFUEL,2021-11-15,-0.061136611186688,-0.03847529331992873
TFUEL,2021-11-16,0.0850750480062179,-0.07637815118196001
TFUEL,2021-11-17,-0.088194052835806,-0.03896877982693306
TFUEL,2021-11-18,0.0447258516293869,-0.0490589324554168
TFUEL,2021-11-19,0.0147350645858668,-0.07831125448544846
TFUEL,2021-11-20,0.0055192378241408,-0.013843686430771157
TFUEL,2021-11-21,-0.066040922717687,-0.02672374755668934
TFUEL,2021-11-22,0.0461187314935556,-0.013023922974501077
TFUEL,2021-11-23,-0.0213082876921036,-0.059324587201767046
TFUEL,2021-11-24,0.0651375597768828,-0.06021462473165036
TFUEL,2021-11-25,-0.092966721093001,-0.05527173573758943
TFUEL,2021-11-26,0.0087437734178192,-0.039190764194310994
TFUEL,2021-11-27,-0.0115951795485984,-0.046128913080284946
TFUEL,2021-11-28,-0.007090607705689,-0.04098630732444057
TFUEL,2021-11-29,0.0129867727050219,-0.06072023547326706
TFUEL,2021-11-30,-0.0069130001264074,-0.04160243996751365
TFUEL,2021-12-01,-0.0233012646703481,-0.06630006377835196
TFUEL,2021-12-02,0.0579039055872796,-0.015464216776536538
TFUEL,2021-12-03,-0.161464609201497,0.0009089083148936373
TFUEL,2021-12-04,-0.0201706310043338,-0.024379326964517813
TFUEL,2021-12-05,-0.0020861276389013,-0.01854532389638375
TFUEL,2021-12-06,-0.0398036589135391,-0.015147336061475418
TFUEL,2021-12-07,0.0211276532319613,0.014614388180587792
TFUEL,2021-12-08,-0.0888912858077374,0.011969619891283822
TFUEL,2021-12-09,-0.011479358997621,0.004167042814610007
TFUEL,2021-12-10,0.0214237077319914,0.0075490997078516585
TFUEL,2021-12-11,-0.01929225915581,0.019878539196744607
TFUEL,2021-12-12,-0.1283133056975901,0.020311948681370314
TFUEL,2021-12-13,0.0113557079152373,0.017426297466832087
TFUEL,2021-12-14,0.0451469388265128,0.024826455079521633
TFUEL,2021-12-15,-0.0367680428664199,0.01230738141833039
TFUEL,2021-12-16,-0.0345874397023964,0.017509458927573177
TFUEL,2021-12-17,0.0100245815625303,-0.0026087978323716425
TFUEL,2021-12-18,1.6933395170060095e-05,0.005688254763363471
TFUEL,2021-12-19,-0.0499002029331449,0.0056055839737135845
TFUEL,2021-12-20,0.0668619130136829,-0.001480873288023526
TFUEL,2021-12-21,0.0309525606529799,-0.017444852047738844
TFUEL,2021-12-22,0.085004411424592,0.0003031470682740186
TFUEL,2021-12-23,-0.0388626332700596,-0.01643291386111196
TFUEL,2021-12-24,0.0249542516771708,-0.03504629525081703
TFUEL,2021-12-25,0.0450294316030523,-0.006750489335507861
TFUEL,2021-12-26,0.0024405651738128,-0.004863210613242828
TFUEL,2021-12-27,-0.1066629086765015,-0.02089489369586883
TFUEL,2021-12-28,-0.0701366020176903,-0.024384094722510977
TFUEL,2021-12-29,0.0311440705521777,-0.015243925468561481
TFUEL,2021-12-30,-0.028829292033781,-0.0013446919499000367
TFUEL,2021-12-31,0.0313292513042504,-0.014653839677501812
TFUEL,2022-01-01,0.0374224809331338,-0.01742124222547731
TFUEL,2022-01-02,-0.0329796548842108,-0.03236063574889556
TFUEL,2022-01-03,-0.0258694320194445,-0.049425311868837314
TFUEL,2022-01-04,-0.0561831698556097,-0.03380571560476804
TFUEL,2022-01-05,-0.0207872327550159,-0.014948597135416446
TFUEL,2022-01-06,-0.0602643314842773,-0.0028930276090118356
TFUEL,2022-01-07,-0.0267149449318341,-0.04715935564713804
TFUEL,2022-01-08,0.0272695437338765,-0.013177815096685187
TFUEL,2022-01-09,-0.0369926717353505,-0.010383329071904344
TFUEL,2022-01-10,0.0535519425735657,0.02669890551560518
TFUEL,2022-01-11,0.0442671020394198,0.02395925296168764
TFUEL,2022-01-12,-0.0476494055119401,0.02310032960961077
TFUEL,2022-01-13,0.028073765140391,-0.006628538990295953
TFUEL,2022-01-14,0.008120563266817,-0.006026843397983947
TFUEL,2022-01-15,0.0294901052123037,0.030274436024636153
TFUEL,2022-01-16,-0.0294729034626147,-0.009764423769701415
TFUEL,2022-01-17,0.0554258344546665,-0.0046097760731499985
TFUEL,2022-01-18,0.0848588669246368,0.025955496368659663
TFUEL,2022-01-19,-0.097243426517827,-0.006731834393021224
TFUEL,2022-01-20,-0.1511347876539579,0.0009219908133094068
TFUEL,2022-01-21,-0.139561746422188,0.06007130121951611
TFUEL,2022-01-22,0.0634183056186266,0.1552929082705482
TFUEL,2022-01-23,-0.0633167751319382,0.08019637938371797
TFUEL,2022-01-24,-0.021338766483119,0.07527661351777512
TFUEL,2022-01-25,0.2703903303590038,-0.009197431980862774
TFUEL,2022-01-26,0.0847214635286806,-0.0012591686477626252
TFUEL,2022-01-27,0.0061500804437624,-0.001144530993644266
TFUEL,2022-01-28,-0.0228866932163475,-0.00660457137564249
TFUEL,2022-01-29,0.0356442792088804,-0.007034386626984869
TFUEL,2022-01-30,-0.0071694233942316,-0.0019738137083371555
TFUEL,2022-01-31,-0.0188081092126305,-0.0030057479626373505
TFUEL,2022-02-01,-0.0636211364373208,0.0035521978191885885
TFUEL,2022-02-02,-0.0087173621355035,-0.004559372113153621
TFUEL,2022-02-03,0.0854466654765584,-0.005742398529265745
TFUEL,2022-02-04,0.1265228300020018,0.03294079826449848
TFUEL,2022-02-05,0.0976800842258336,-0.019066682281248134
TFUEL,2022-02-06,0.0101426479562733,0.0179166902027746
TFUEL,2022-02-07,-0.0396469489356104,-0.031938717627296095
TFUEL,2022-02-08,0.0031349702428911,-0.02827977985578745
TFUEL,2022-02-09,0.0382077733540739,0.009225014061476555
TFUEL,2022-02-10,-0.0919007275434315,-0.027208514579158845
TFUEL,2022-02-11,-0.0017187763068734,0.012757789617313104
TFUEL,2022-02-12,-0.0173540854263538,-0.002212154858994736
TFUEL,2022-02-13,0.0028840797930249,0.05846635953515724
TFUEL,2022-02-14,0.0749399538696249,-0.020426862658262834
TFUEL,2022-02-15,0.0470290266020052,-0.022324002323384745
TFUEL,2022-02-16,-0.0896940567849101,-0.03534251184202377
TFUEL,2022-02-17,-0.0454248533018343,0.005040836135773769
TFUEL,2022-02-18,-0.006231653703618,0.025791128998608977
TFUEL,2022-02-19,-0.0511905259362587,0.02000849940882655
TFUEL,2022-02-20,-0.0984911835402785,0.039496630922039457
TFUEL,2022-02-21,0.017920178693302,0.012257438408471509
TFUEL,2022-02-22,-0.039909545046378,0.03739393055591623
TFUEL,2022-02-23,-0.0271998251115757,0.021355812132239232
TFUEL,2022-02-24,0.0767139785710546,0.01913807867287918
TFUEL,2022-02-25,0.0009865675662463,0.004600493996478024
TFUEL,2022-02-26,-0.0337666409357078,0.0049375848995544935
TFUEL,2022-02-27,0.1103939294787326,0.028517344481423946
TFUEL,2022-02-28,0.0024909191643913,-0.010136310671316328
TFUEL,2022-03-01,-0.0368259381576244,-0.00031057665476199627
TFUEL,2022-03-02,-0.0454537810107852,-0.002248432490437663
TFUEL,2022-03-03,-0.0756785426315146,0.007967320587053139
TFUEL,2022-03-04,0.0256716331920388,0.012116757075814595
TFUEL,2022-03-05,-0.0501031217643259,0.020849980539569223
TFUEL,2022-03-06,-0.0231005857764799,0.03675335180407148
TFUEL,2022-03-07,0.0320684752945186,0.032646952556822775
TFUEL,2022-03-08,0.0548708577501586,0.0352214112601941
TFUEL,2022-03-09,-0.0287608474380496,0.015698578681620327
TFUEL,2022-03-10,0.006893691979795,0.026040970705328393
TFUEL,2022-03-11,0.0416536697535425,0.03360025057160329
TFUEL,2022-03-12,-0.0325418336035695,0.04212010100917535
TFUEL,2022-03-13,0.0258386212978747,0.04702876954492274
TFUEL,2022-03-14,-0.0109808655183871,0.024713966561224664
TFUEL,2022-03-15,0.0205095275269029,0.04687053507360858
TFUEL,2022-03-16,0.0227454997417764,-0.019365734623990594
TFUEL,2022-03-17,0.0210053146736184,-0.022701369939772377
TFUEL,2022-03-18,0.0103287761802057,-0.00970987462413836
TFUEL,2022-03-19,-0.0302253268795827,-0.015150602201326554
TFUEL,2022-03-20,0.0079034162606732,0.03158894001864877
