Date,Open,High,Low,Close,Volume,Market Cap
2020-09-23,5.261696842,5.318716757,3.427384057,3.492394167,259345915.76437584,103791581.0634062
2020-09-24,3.509853083,4.748917918,3.467769923,4.561417653,166552062.37062702,98117205.55782644
2020-09-25,4.588483587,4.946712725,4.218945083,4.692852097,141296659.96686673,112590896.9537187
2020-09-26,4.70477691,4.789347204,4.365413603,4.54030376,89634159.000846,112092149.19775346
2020-09-27,4.523858819,4.70054413,4.132225611,4.629957956,60391730.732168645,108410537.04102948
2020-09-28,4.646587214,4.650979956,4.207510485,4.207510485,50731591.17662078,107855474.64146346
2020-09-29,4.201165794,4.278654308,3.974784193,4.138491676,45290933.5975351,101629892.33644836
2020-09-30,4.136230958,4.399314375,4.008929547,4.324006442,42680912.11065201,102330816.536507
2020-10-01,4.324491145,4.495963851,4.049013171,4.149639555,51142674.88924398,103982184.14443707
2020-10-02,4.153906184,4.202838649,3.710197891,3.913238765,54366457.279899895,96557347.37651215
2020-10-03,3.906714262,4.166982031,3.87464151,4.024100236,55925563.15017456,97971978.57011186
2020-10-04,4.023618974,4.062489401,3.838295548,3.959449402,36539441.27550823,96378579.95764624
2020-10-05,3.966578273,4.032230962,3.884940475,3.982928269,31265843.13186917,97230009.11478598
2020-10-06,3.981145907,3.987033443,3.503211405,3.527619903,33155725.383143123,90466765.70587812
2020-10-07,3.537722629,3.537722629,3.207481569,3.436552972,38955893.48378586,82559557.09619054
2020-10-08,3.444938783,3.935594077,3.331720422,3.899335813,40661307.72203359,88431259.99294268
2020-10-09,3.911010328,4.2957897,3.809313661,4.253567734,43450307.76316375,99105215.66818292
2020-10-10,4.24271836,4.26044747,4.012063479,4.026368579,38469505.43802612,100936642.04798958
2020-10-11,4.02204424,4.159069654,3.973156377,4.103893602,34351480.437148415,99650022.4119024
2020-10-12,4.096580779,4.65868538,4.058335222,4.419561444,36722591.07586421,106176553.30403496
2020-10-13,4.414645941,4.53832555,4.342912564,4.485203144,45018889.8248515,109494627.76309484
2020-10-14,4.482077619,4.483389911,4.02168812,4.154401354,32412703.605342627,104429117.97730497
2020-10-15,4.152551566,4.219126976,4.011077201,4.126524079,29595415.459051847,100634802.2661383
2020-10-16,4.129535208,4.129535208,3.888772244,4.031106398,28017105.91226045,98370675.71100004
2020-10-17,4.03656021,4.203333927,3.970728113,4.203333927,28284527.904259328,100357812.47895227
2020-10-18,4.193457752,4.248436627,4.082647911,4.119840093,23460609.324288435,102103601.06468149
2020-10-19,4.121408866,4.160656342,3.993562357,4.050150386,23436932.41073916,99522327.41511165
2020-10-20,4.047052957,4.077206967,3.696831644,3.801638413,24955615.9625515,96279780.51376672
2020-10-21,3.79908407,4.099427511,3.793200042,3.969658197,30804099.012418043,96784907.39777017
2020-10-22,3.969108864,4.48346039,3.969108864,4.318783716,34125043.73681316,105243921.99055246
2020-10-23,4.339565034,4.475134777,4.159632119,4.258838668,32415172.393152256,105634805.29836588
2020-10-24,4.258016795,4.359442848,4.168337539,4.185857118,25431374.905989338,105096625.10820848
2020-10-25,4.186258573,4.255759217,4.108029087,4.141127624,24332274.485193167,102600045.39945988
2020-10-26,4.146206328,4.467919495,4.049831654,4.160965845,30259818.85647193,104430591.61330526
2020-10-27,4.150182832,4.345235266,4.040509291,4.133160648,34280831.07805139,102357504.16303653
2020-10-28,4.126338744,4.175991829,3.933379808,4.058578049,28972224.51329457,99118272.7151958
2020-10-29,4.0561216,4.102740817,3.736206618,3.779253303,28463967.737989224,95986439.25756094
2020-10-30,3.778832712,3.817010543,3.587849239,3.729906653,32562947.545201965,90493769.13772224
2020-10-31,3.721574118,3.754854551,3.605879682,3.642478558,29250379.125641234,89796904.44890182
2020-11-01,3.642478558,3.711506054,3.561430336,3.688935574,22879765.58611788,89388931.54248223
2020-11-02,3.688556447,3.854742461,3.611110172,3.617764757,24853243.95291326,90784982.07762064
2020-11-03,3.613651953,3.647142388,3.254817054,3.32818751,24961970.220244545,83439864.64595635
2020-11-04,3.331235696,3.376785268,3.0099481,3.175652623,24373075.43511728,78440534.66422726
2020-11-05,3.177088837,3.387807225,3.023166256,3.352444024,26756532.977146342,78540595.33386108
2020-11-06,3.341544344,3.647836498,3.327731329,3.595644158,37002916.09680237,86048648.03817192
2020-11-07,3.597760047,3.916589597,3.390201251,3.435050128,42051040.49670789,89698273.90292703
2020-11-08,3.424728957,3.653452408,3.379888201,3.471139281,35902090.75380907,85717425.5720488
2020-11-09,3.472597946,3.535246072,3.269832778,3.41756663,31006078.7243233,83990006.07904868
2020-11-10,3.412610351,3.639876974,3.379377452,3.571274253,30777478.200695284,86211714.56795138
2020-11-11,3.580936676,3.809766192,3.463827867,3.489394474,29124602.574081305,88695189.71922053
2020-11-12,3.491069824,3.567723852,3.328712187,3.422504167,27425255.070743497,84590587.76793908
2020-11-13,3.424077826,3.685805052,3.393697831,3.684237122,28046252.82264367,86138158.94847564
2020-11-14,3.675184146,3.675184146,3.404743336,3.500265328,33067791.78624185,86106303.60742308
2020-11-15,3.49196607,3.641731872,3.428405234,3.542278122,26592811.396430813,86532726.35627083
2020-11-16,3.545810606,3.813563884,3.466200953,3.710595384,32595492.146940105,89739300.09124309
2020-11-17,3.711438536,3.923017889,3.706288585,3.846019869,35441376.536219224,93203320.34998783
2020-11-18,3.846323773,3.875293597,3.6108867,3.773441301,34800156.110048324,91633956.1409879
2020-11-19,3.75246152,3.81202479,3.576212869,3.642798999,31554045.84920529,90507267.65500005
2020-11-20,3.64657405,3.996893161,3.636494436,3.717662077,33779931.720756896,92220601.2573854
2020-11-21,3.725297338,4.104339961,3.681044319,4.032990628,39650110.34839445,95517294.43771183
2020-11-22,4.02308084,4.064392935,3.720693108,3.900293175,39180240.16859656,95178887.34773616
2020-11-23,3.897994309,4.250798663,3.875374426,4.067542974,40340495.92444305,99940393.62642704
2020-11-24,4.078660454,4.338866305,3.892074436,4.26146006,46270534.27390143,101763524.56885415
2020-11-25,4.26402798,4.410390733,3.933443166,4.055232824,44058326.56114089,104138368.40570728
2020-11-26,4.048075518,4.079192845,3.323089612,3.520147922,48128916.952047,87546637.04414637
2020-11-27,3.538498156,3.756795001,3.432066413,3.583461132,40628800.865138814,87686587.54347561
2020-11-28,3.589670521,3.696647709,3.478589367,3.633076446,26103557.9475668,88019464.58353509
2020-11-29,3.633524323,3.763986056,3.542275445,3.702190719,24359105.279417463,89388204.97893703
2020-11-30,3.705970247,3.817713989,3.658935403,3.702321005,24820107.630474605,91339765.43851744
2020-12-01,3.704886759,3.816190635,3.511737911,3.576271204,30492150.77718148,89375005.22949821
2020-12-02,3.561116897,3.844096233,3.529078095,3.74582504,31532315.574166123,91296692.07570106
2020-12-03,3.738595603,3.889554748,3.72332407,3.819472139,27438375.83416889,93021099.89602505
2020-12-04,3.820087201,3.865356742,3.516727292,3.556966062,24368216.29518048,90537400.07330176
2020-12-05,3.534044513,3.718005276,3.513630169,3.630332162,24455453.32451521,89402189.73912449
2020-12-06,3.640381456,3.674701394,3.512403616,3.604745194,21083780.76027264,87805809.19214256
2020-12-07,3.602923271,3.604646487,3.329981817,3.379948575,20795308.02927153,85569451.80076528
2020-12-08,3.381915273,3.381915273,3.112537447,3.112976985,31606214.343932837,79041681.28754096
2020-12-09,3.114754619,3.400852734,2.797551,3.27744522,43280190.37203198,216841820.7731381
2020-12-10,3.261341166,3.34056952,3.070417525,3.15523033,45105689.61959807,246142604.09052783
2020-12-11,3.146975384,3.30088097,3.019839558,3.257393227,39512638.2626974,241431767.81669492
2020-12-12,3.235286115,3.445541596,3.235286115,3.334798179,40787188.81673347,259505556.36377585
2020-12-13,3.336772595,3.413198209,3.294863972,3.330841353,29705531.39131022,257660995.010682
2020-12-14,3.341753225,3.341753225,3.140310311,3.143103938,33774745.34013881,250275957.26620296
2020-12-15,3.143103938,3.366540647,3.065991718,3.302040191,32044754.644383315,243738688.2102613
2020-12-16,3.302208046,3.372331118,3.156238509,3.3448659,28584666.118708577,249550912.67893335
2020-12-17,3.344104779,3.376344525,3.197546006,3.215878206,32167628.800248764,253921044.6698056
2020-12-18,3.214419274,3.470799713,3.152348701,3.410554699,33326851.459009483,258270289.0100657
2020-12-19,3.410554699,3.610189455,3.388364582,3.467651465,26935140.414811347,268054558.57197648
2020-12-20,3.467651465,3.488918705,3.298980535,3.316195309,25600502.07421496,261884752.38673505
2020-12-21,3.310559667,3.354872141,3.044992682,3.112206068,28632441.28472142,245054050.6709425
2020-12-22,3.096942401,3.130841507,2.945436797,3.087019785,30085300.40067938,236208543.1321524
2020-12-23,3.081687511,3.525415659,2.785483006,2.97285031,44895406.54150792,238601898.887721
2020-12-24,2.941897679,3.106352593,2.79748684,3.106352593,49558582.43236578,227776965.05411783
2020-12-25,3.105426861,3.126866837,2.862078911,2.956675883,28462940.255710144,231479666.58120248
2020-12-26,2.95196177,2.990652277,2.853310348,2.918094357,23784731.7944529,224399121.9089245
2020-12-27,2.921488026,3.06220512,2.860670111,2.908736002,23777551.642023224,226474639.26379743
2020-12-28,2.904078687,3.041579405,2.870155907,2.96021542,27863723.06095265,226508531.5959049
2020-12-29,2.958893734,3.007893857,2.840578661,2.920023713,31083677.773394957,223551521.53707725
2020-12-30,2.923002146,2.940800166,2.851804823,2.924906515,25552418.83865978,222802089.40438727
2020-12-31,2.920701013,3.238755067,2.796930804,3.238755067,21720013.479257934,220943851.3505608
2021-01-01,3.222304122,3.82946788,3.062295305,3.67576741,70271702.82831457,262797956.87632012
2021-01-02,3.665585022,3.946885718,3.313900779,3.485137818,89864682.78320442,276393786.5630985
2021-01-03,3.48249965,3.828702044,3.407669249,3.473020195,56269792.21145459,276442476.928233
2021-01-04,3.484060525,3.856402759,3.29098418,3.589697928,62735330.99849684,270345826.0693259
2021-01-05,3.604189005,4.340124189,3.494633075,4.291416222,77022739.11586224,304658457.2103978
2021-01-06,4.270783167,4.983464435,4.154420138,4.63037499,100586062.43187612,353423674.35222125
2021-01-07,4.628288771,4.812754587,4.221911917,4.494191989,79318447.39457792,354506044.33455193
2021-01-08,4.472401843,5.74459882,4.08714771,5.74459882,92827586.29011008,378438727.231518
2021-01-09,5.717926321,7.454260494,5.651636379,7.246728177,218654656.67638355,514562047.7250881
2021-01-10,7.205108054,7.505271126,6.206848916,6.599488513,149359076.44745296,531798458.8057349
2021-01-11,6.571909076,6.940182482,5.798498736,6.495545242,113018077.23127604,479806724.4133701
2021-01-12,6.475361307,8.144313947,6.44169013,7.751841777,162011282.89650902,583360828.1060627
2021-01-13,7.749409757,8.480997901,7.148238592,8.458066601,147921303.5313253,592231977.9415215
2021-01-14,8.467510473,9.507234396,8.217862715,9.267141822,145980471.85885066,678965348.783749
2021-01-15,9.290274425,9.843986597,8.612173906,9.335698782,177242530.26263878,716848245.0645556
2021-01-16,9.367589828,13.383146843,9.158852631,12.878848447,219502008.4953853,856183945.0785038
2021-01-17,12.798064717,14.316951882,12.383570695,13.136076264,377604424.2161427,1019415124.0340836
2021-01-18,13.167146649,13.818254119,12.650803618,12.698345542,234288947.8884331,1010219582.329258
2021-01-19,12.691780291,13.313305003,11.637200379,11.866164515,156597115.25642928,966932551.4460295
2021-01-20,11.755146373,12.906351747,11.023757316,12.598316557,156545195.1581676,925556764.5287445
2021-01-21,12.384079376,12.859953776,11.100839833,11.336848252,159593392.21192646,929475116.1753248
2021-01-22,11.298378581,13.371894291,10.701579158,12.729502008,184679204.28024587,936694208.0507456
2021-01-23,12.739739398,13.479740336,12.571781372,12.863346291,178326222.68617475,1000162845.3604552
2021-01-24,12.899919554,13.173684264,12.252026893,12.437354334,136118834.1059745,981341532.9266008
2021-01-25,12.480738553,12.929209284,12.098052925,12.21577807,111303168.64436536,969424796.7642767
2021-01-26,12.180144746,12.655812044,11.481879826,12.185282734,100109679.18201226,927807741.6429814
2021-01-27,12.18344318,12.18344318,10.838438783,11.159737809,107274207.23927131,883647703.6023192
2021-01-28,11.171011273,12.668178943,10.860486259,12.003784062,109699474.2132984,909580815.8352352
2021-01-29,11.954671987,12.62843531,11.416773948,11.618788038,151940897.2884975,911345272.3450884
2021-01-30,11.619471287,12.569652234,11.290258084,12.019220165,122858005.383607,910403221.5519888
2021-01-31,12.00475882,15.05588069,11.855654736,13.424640381,201379624.11043963,996460756.14061
2021-02-01,13.495846291,13.560528079,12.632063997,13.236791664,273136763.6874393,997249323.4265014
2021-02-02,13.236312541,13.646445707,12.798257282,13.505730321,120776501.4997766,1009158192.6875902
2021-02-03,13.477852547,14.941473484,13.231051973,14.941473484,120239962.72470774,1072107274.9422592
2021-02-04,14.865164585,15.819502857,14.203871107,15.37946536,183401271.8816886,1155264298.5549371
2021-02-05,15.305826626,17.88153234,15.247618776,17.88153234,186665798.9783918,1268871466.0411663
2021-02-06,17.906116792,18.536515759,15.981371968,17.958431031,223593880.4224111,1337976511.9914718
2021-02-07,17.97261318,23.998547293,17.97261318,23.998547293,354062091.02979213,1593407293.3801894
2021-02-08,24.10191277,33.626866944,23.762308513,30.478954795,758572505.944518,2228001437.029535
2021-02-09,30.19427694,32.710847011,27.586279749,31.549401955,608910079.7404262,2308236093.160108
2021-02-10,31.624075932,59.920364363,31.624075932,55.03262578,1214999856.2925158,3599476169.418493
2021-02-11,54.874241283,56.171954221,42.697903873,47.256188655,1558085013.3024766,3830136006.763659
2021-02-12,47.214239524,54.389014669,44.207453445,49.174144498,905722170.8471152,3743301036.687372
2021-02-13,48.535825385,51.915424607,43.719784473,44.3484678,662978130.0781434,3671989617.991446
2021-02-14,44.140124521,44.298173071,38.893667656,39.00700788,557167585.7199082,3236063696.53473
2021-02-15,39.230238529,43.6472417,34.180977825,37.945011672,641754506.7449756,2995286988.744089
2021-02-16,38.117749411,39.351395007,35.564282723,36.608350793,546501724.4681025,2887867475.644729
2021-02-17,36.629097327,41.031661723,34.446628131,37.028345119,519681470.8465555,2828995708.4444804
2021-02-18,37.124751431,43.769626291,36.196367752,41.100389423,619376864.1884112,3134691204.9041004
2021-02-19,41.083783663,41.278588998,37.932005343,38.938931739,532064902.07059646,3031473001.7856426
2021-02-20,38.900842437,42.634404672,33.174200168,36.135512014,503400676.5734227,3048176767.520633
2021-02-21,36.338529243,38.01572346,35.21875921,36.238880891,559119495.6959412,2825241570.1063256
2021-02-22,36.197646738,36.197646738,26.27002176,32.407547684,407487370.0154053,2551112972.498023
2021-02-23,32.411311487,32.411311487,23.828261882,27.423960666,467342150.2542105,2119869432.085028
2021-02-24,27.677832371,31.726991426,25.514367425,29.990801715,484083053.38132906,2228821282.7186832
2021-02-25,29.840139198,32.150304978,27.289641246,27.497306535,423768712.0549712,2287942289.5804195
2021-02-26,27.13023041,27.974452121,25.309241361,25.949239208,328802171.63928,2057613116.453964
2021-02-27,25.978360934,27.413686209,25.244650864,25.97242223,271477481.88629353,2041513211.5481732
2021-02-28,25.81232909,25.940745745,22.309089888,23.745445441,257267392.47826973,1835693909.5438628
2021-03-01,23.951130188,27.780618153,23.738876604,27.474399178,298833213.68086535,1984786401.6282425
2021-03-02,27.407762239,31.690369249,25.956672367,27.085886048,475812794.7608697,2127300833.213559
2021-03-03,27.139298913,29.271996937,26.64277217,27.355118625,545851424.5976171,2151762094.9033585
2021-03-04,27.295362471,28.762740512,24.326382152,25.72910109,398971248.1069621,2052127737.7300105
2021-03-05,25.838168369,25.838168369,23.601487224,24.397663482,329448320.6575813,1950111455.9263308
2021-03-06,24.360087237,25.51038168,23.896960895,24.932274557,254379790.73757416,2048754374.4784963
2021-03-07,24.932274557,27.931853901,24.932274557,26.644957301,322239740.6614899,2223914289.32392
2021-03-08,26.656723896,27.072938537,25.260439546,25.513008686,347622645.9493891,2186942322.597524
2021-03-09,25.633648645,34.625705926,23.836176156,34.625705926,691009573.1272296,3530820889.474077
2021-03-10,34.416164434,35.672361043,29.012345144,29.744927369,1241571333.0614517,4029738506.329488
2021-03-11,29.697766283,32.792903133,28.493361209,30.704696871,803341464.7751832,3929258167.70894
2021-03-12,30.704696871,31.575779047,27.185987682,27.991554214,620227133.1075405,3762030156.2018976
2021-03-13,28.044604065,33.05463806,26.933000383,30.969974481,551547834.4874198,3756154668.605732
2021-03-14,30.92016843,32.26276851,29.175721789,29.175721789,591707782.2793305,3899706177.0324926
2021-03-15,29.034725345,30.376480042,27.129503336,29.048146623,455963061.36925423,3713996882.124648
2021-03-16,28.937110324,32.97,27.640235578,32.97,485464698.4843933,3806809144.1922793
2021-03-17,33.07,33.9,30.91,32.619804604,631403714.7964889,4098531775.1451583
2021-03-18,32.69,35.6,32.0,33.22,559498460.7576363,4258520320.566854
2021-03-19,33.21,38.36,31.81,37.710431391,747522987.3506016,4567397801.15375
2021-03-20,37.537592072,39.19,34.42,34.42,710992576.2079197,4703793302.932854
2021-03-21,34.25,35.33,32.11,32.96,509173650.38843256,4290940953.224387
2021-03-22,32.89,33.6,28.88,29.4,434467253.60826606,4086118308.452614
2021-03-23,29.28,30.88,28.29,28.724774711,459935384.7978658,3786721611.964292
2021-03-24,28.54,30.35,25.22,26.0,408663546.0519936,3665832189.920737
2021-03-25,25.95,27.436217725,24.73,25.98,444684741.1081443,3335756245.3150225
2021-03-26,25.86,28.89,25.86,28.24,386967857.6671785,3556143980.696138
2021-03-27,28.24,28.61,26.959307183,27.71,313363954.0478501,3573029813.0004416
2021-03-28,27.64,29.5,27.3,28.74,333920315.77299714,3645942163.114071
2021-03-29,28.74,30.29,28.35,29.64,361711959.2974368,3772015303.705322
2021-03-30,29.64,30.8,29.02,29.68,348153640.84799045,3809143961.669219
2021-03-31,29.69,29.96,26.99,28.78,336080462.5835841,3645440889.627623
2021-04-01,28.8,29.26,27.98,28.385691632,290880353.39481324,3658778205.719523
2021-04-02,28.385691632,29.55,28.012960898,29.0,267661532.9367517,3693726598.150626
2021-04-03,29.139474567,32.74,28.08,28.15,443903678.7443301,3918211632.993895
2021-04-04,28.15,29.87,27.92,29.26,443655337.3400451,3740350585.097567
2021-04-05,29.26,32.95,28.67,31.31,465782487.3783361,3979673138.6730633
2021-04-06,31.34,34.51,30.38,31.71,660597744.9152632,4179288363.109421
2021-04-07,31.59,32.42,28.69,29.64,552712178.3407313,3904302080.213288
2021-04-08,29.5,31.55,29.35,30.73,390597617.07544285,3929771677.581204
2021-04-09,30.8,32.412576708,30.43,31.52,333205975.7152067,3990421413.6680064
2021-04-10,31.53,33.95,31.16,32.081931784,514432067.0647793,4184414466.301988
2021-04-11,31.846584692,32.292998059,31.052298306,31.474282173,427963942.7769409,4072232972.592576
2021-04-12,31.595599689,35.633335002,31.41422751,33.96,448337664.8187331,4201971142.6613054
2021-04-13,33.94,34.910101098,31.818647235,33.95,686216119.210777,4295041251.63958
2021-04-14,33.76,39.325033342,33.119677955,38.333276875,845451452.0678995,4636638822.752903
2021-04-15,38.447685736,40.725418092,36.34,37.2,1185854227.328625,4891899948.442094
2021-04-16,37.1,37.4,33.690972563,35.560871335,684182525.2850305,4586078078.353821
2021-04-17,35.569118085,36.925965439,33.83,34.01,579725401.8675255,4559874244.43338
2021-04-18,34.01,34.23,23.014155106,29.065422915,720589192.9429125,3725083223.924128
2021-04-19,29.307590701,30.497925255,25.601366205,26.197548357,600806371.1087155,3628110025.219492
2021-04-20,26.254910744,28.23,24.08659389,27.23,503577360.8889828,3382134361.4961376
2021-04-21,27.42,28.12,25.88,25.88,432567554.8868796,3501345503.858825
2021-04-22,25.92,27.722506841,23.057248911,24.1810885,398122264.83405787,3354622083.9811945
2021-04-23,24.022235668,24.657039847,20.274128077,23.456973228,541041779.9424663,2899662497.030319
2021-04-24,23.524549596,23.88,21.560401665,21.813215222,360952353.7972499,2923310310.903654
2021-04-25,21.85200475,23.69,20.665270725,21.512961165,223074826.90411195,2865991533.895396
2021-04-26,21.615749272,26.26637907,21.441468118,26.26637907,331487720.7455547,3199258817.4503508
2021-04-27,26.452205604,27.842119952,25.74666193,27.83084944,366529753.5575106,3504093041.291775
2021-04-28,27.840238421,28.937787829,26.018396831,28.390800986,341916873.1735243,3553858204.302512
2021-04-29,28.335821922,29.689644408,26.7465348,27.985279862,338057319.88800186,3589223267.992264
2021-04-30,27.94,32.918179979,27.58,32.87838166,427991543.4932346,3929821562.0789247
2021-05-01,32.933032777,35.48,31.819863915,31.850879707,616959906.4638242,4305386149.675
2021-05-02,31.854255059,32.618713159,30.55,31.32,458552767.4419542,4090674611.6106486
2021-05-03,31.3,36.893256065,31.25,36.18943142,478197245.5988138,4315646219.257178
2021-05-04,35.905337728,35.905337728,30.18569315,30.502789477,834623693.9419336,4248303864.223196
2021-05-05,30.384699172,35.581969757,30.384699172,35.33,504497948.3882281,4244658099.9458337
2021-05-06,35.33,39.363166743,34.941844857,38.32,700835130.3199099,4776069533.635695
2021-05-07,38.1,43.78,36.17,38.11,1014885169.5351036,5135230503.992381
2021-05-08,38.11,39.793294525,37.432170043,38.430314619,807302845.3656573,4955932441.665533
2021-05-09,38.392321087,39.220905917,35.440944446,39.220905917,517007319.9006769,4827030480.916767
2021-05-10,39.035910331,41.736199716,31.82724465,34.872646847,584857396.0916822,4915705625.415373
2021-05-11,34.754894162,37.258847568,32.827795851,37.096777996,691195523.4516367,4512220627.6806345
2021-05-12,36.890338627,41.420326833,34.046223142,34.046223142,613042101.5166838,4946835366.287175
2021-05-13,32.732027707,37.14,31.277545129,34.977372788,880627453.9630836,4458956909.834679
2021-05-14,34.984807096,37.9,33.45,37.24,581587045.9523365,4603675185.406016
2021-05-15,37.029660754,39.745123316,34.48,34.52,626561082.7757441,4766689051.692063
2021-05-16,34.5,39.476293672,32.84388004,36.56,742023387.683914,4679377817.125923
2021-05-17,36.65,37.145230963,32.24,33.709251981,798636192.9622221,4473215156.115938
2021-05-18,33.684758974,37.541057722,33.680212204,36.941291145,681897696.2708747,4653478618.974374
2021-05-19,36.898806165,38.438930444,19.675764238,23.535226278,784261099.0802628,3820721719.4025207
2021-05-20,23.392485847,28.08,21.074694829,24.916747491456128,769891711.5988296,3258640753.64041
2021-05-21,25.09,26.64,18.5,21.672995925170174,454486877.8815331,3050251719.2375274
2021-05-22,21.807661159064214,22.01842427359385,18.34866817585895,18.87,369779584.6689896,2575474534.599379
2021-05-23,18.83,19.66,12.243394969239086,15.848549524881705,305193975.1111111,2098897711.4554875
2021-05-24,15.823671972125648,20.25,15.127803013697305,19.35129693534958,418806662.1538461,2279010431.5289106
2021-05-25,19.39618412940324,20.07639662538234,17.32,19.37235647364388,358235557.0,2428488384.31166
2021-05-26,19.460569776490487,21.413504946646626,19.16,20.880497427595174,299920037.4444444,2623864541.723811
2021-05-27,20.862029234692333,21.207430354262527,18.84184579397295,19.144169209640257,263660412.5,2562405097.85793
2021-05-28,19.05667929997825,19.539329396625845,16.08,16.78,215834260.0696864,2286134834.8977747
2021-05-29,16.74,17.579538301663614,15.219266275976924,16.12,183798461.2777778,2128665219.2289493
2021-05-30,16.15,17.37,15.199539810427876,16.510091355506866,156740814.37762237,2168073201.8802824
2021-05-31,16.53,18.16,15.81,18.05912487934234,149901099.26132405,2226305421.666644
2021-06-01,18.15028731037913,18.531181955171903,17.19,17.8,159184513.5052265,2312379779.6887555
2021-06-02,17.77,19.328108623901954,17.18,18.73,164171697.83333334,2387846049.7375736
2021-06-03,18.69,20.64,18.3,20.26,210994009.2222222,2576293495.9353967
2021-06-04,20.24,20.49,17.47944684293701,18.33,208060620.0,2411916634.1202226
2021-06-05,18.27,19.125351287762427,16.93,17.23,173617749.66666666,2372808258.287895
2021-06-06,17.23,17.97760564411546,17.13,17.4,147614445.0962963,2305863105.12028
2021-06-07,17.39,18.03,15.431834686031843,15.431834686031843,172333862.3611111,2922536041.2471576
2021-06-08,15.5034832645488,16.01468360962481,13.79,14.80624549768824,230488341.27719295,2559233067.17509
2021-06-09,14.83951459727269,15.724421733870996,13.68,15.339048775537012,207804235.16666663,2541775727.756872
2021-06-10,15.373521207678952,15.53277189992561,13.74,14.21,185469052.09756097,2492947428.391439
2021-06-11,14.14,14.57,13.2,13.36,143074356.3611111,2397105891.587768
2021-06-12,13.41,13.88,12.71,13.59,152775266.3888889,2290764107.7269425
2021-06-13,13.53,14.978651015092948,13.27,14.73,140957061.08333334,2404619942.2969294
2021-06-14,14.77,15.38,14.40224473443024,15.07,174176170.94444445,2553352058.162924
2021-06-15,15.12,15.4951047290787,14.63,14.73,147474325.3611111,2594009027.55708
2021-06-16,14.71,14.896466497265454,13.953821876070238,14.010958864509188,131280294.24390244,2490008445.40295
2021-06-17,14.073703645906877,15.46418003321331,14.054863801950148,14.82,152425332.87804878,2546321430.181296
2021-06-18,14.82,15.21,13.12501952264715,13.58,145233773.0,2458646188.9415927
2021-06-19,13.61,14.0,13.22,13.47,107194672.57553956,2360730442.5387483
2021-06-20,13.43,14.1,12.83,13.93,78912289.29133858,2322725143.0080595
2021-06-21,13.93,14.019644082451052,11.09,11.21,123547100.0,2153739896.5810256
2021-06-22,11.23,11.75,9.42,10.54,166071116.53146854,1865185497.7340655
2021-06-23,10.53,11.772418732587257,10.17,11.43,173016855.1236749,1947379005.2072144
2021-06-24,11.43,11.74,10.846438268292072,11.49,100894008.20253164,1950061577.5589523
2021-06-25,11.49,11.74,10.24,10.4,89491171.64750957,1875463024.70028
2021-06-26,10.4,10.58,9.82,10.22,89496882.53333333,1756218391.2963672
2021-06-27,10.32,10.96,10.09,10.94,63629666.51908397,1794245144.6391962
2021-06-28,10.94,11.44,10.74,11.34,67622011.53138076,1909145075.660728
2021-06-29,11.32,12.29,11.09,11.81,86287611.14705883,2026708418.035776
2021-06-30,11.87,12.094955300201644,11.05,11.92,100640477.00363636,2004498271.1104465
2021-07-01,11.95,12.04,11.0,11.26,76061908.46511628,1960670811.018536
2021-07-02,11.23,11.31,10.58,11.09,68218009.73061225,1872291939.8077168
2021-07-03,11.14,11.65,10.89,11.48,61159104.672268905,1953806426.132871
2021-07-04,11.5,12.83,11.224772516385633,12.47,62812337.22605364,2065945745.4242208
2021-07-05,12.36,12.41,11.6,12.10868311144892,108675408.11188813,2082201198.1079624
2021-07-06,12.018520904252457,14.12,12.018520904252457,13.317731060033736,160807684.73867595,2300560719.329181
2021-07-07,13.376223961478445,14.12,13.06561381047434,13.069786071527908,157403159.7770035,2346602642.752963
2021-07-08,13.10866481080074,13.10866481080074,11.89,12.090179544074672,147082880.4722222,2121542476.5290575
2021-07-09,12.107559600192024,12.84,11.66,12.5925424731497,110170756.02777778,2115567408.7741768
2021-07-10,12.553355656853572,12.815234022530715,11.89,12.04,90902420.18604653,2116967382.109678
2021-07-11,12.04,12.47,11.93,12.37,59812111.38333333,2101394068.3520544
2021-07-12,12.4,12.83,11.74,12.24,71240522.35390946,2124176569.6272557
2021-07-13,12.18,12.38,11.76,11.88,78058581.78656127,2094320024.1723535
2021-07-14,11.92,12.1,11.14,11.77,87749884.0625,2014460721.2772548
2021-07-15,11.78,12.09,11.16,11.3,69879585.312,1987697199.8966367
2021-07-16,11.3,11.79,10.87,10.87,67082264.7372549,1953726766.483434
2021-07-17,10.82,11.13,10.74,10.96,64891465.577689245,1880822698.2913816
2021-07-18,10.93,11.26,10.69,10.79,47624730.5785124,1893384980.10332
2021-07-19,10.72,10.74,10.07,10.25,45960163.88932806,1789649661.8426452
2021-07-20,10.16,10.34,9.34,9.57,53467049.28838951,1662814009.406196
2021-07-21,9.62,10.73,9.48,10.4,59310089.78113207,1762724460.3891864
2021-07-22,10.42,10.944137994199966,10.25,10.84,69254945.44881889,1829594508.7034676
2021-07-23,10.83,11.17,10.56,11.067633923800974,54409416.0,1868817422.9907053
2021-07-24,11.09,11.43,10.97,11.16,54019779.18367347,1929466109.667163
2021-07-25,11.16,11.33,10.78,11.2,55673011.09090909,1905462598.645115
2021-07-26,11.22,12.68,11.22,11.43,104410908.92753623,2083260726.395456
2021-07-27,11.48,12.32,11.2,11.84,114027702.75177304,2004320542.1849773
2021-07-28,11.91,12.4,11.72,12.32,98816498.45714286,2090292583.4523573
2021-07-29,12.31,12.62104287505239,11.992831503112136,12.4,112854662.02090593,2127412618.861109
2021-07-30,12.41,12.98,11.982313953296453,12.94,104380008.8888889,2151522497.7777443
2021-07-31,12.99,13.587723786734813,12.65,13.587723786734813,101427148.35036495,2242230304.86604
2021-08-01,13.5939035762877,14.07,12.738173515055612,12.951124812347333,121343132.98954704,2356243539.639788
2021-08-02,12.877946709749802,13.35,12.696653853709352,13.02,121299862.03508772,2269311938.463464
2021-08-03,13.02,13.5,12.39,12.62,93679687.008,2204548189.6088176
2021-08-04,12.55,13.76,12.46,13.66,83343879.31983806,2242736122.0929317
2021-08-05,13.69,13.956615885100648,12.948688025761127,13.84429082501232,104988334.51094893,2344244696.7315803
2021-08-06,13.838486884277089,14.945834104560223,13.426233327336057,14.73457468460998,122961164.47222222,2431372040.438849
2021-08-07,14.735902633288717,15.880190586979491,14.66150251300308,15.847670045263731,180824405.65034965,2644736590.3584075
2021-08-08,15.84,16.061624448886125,14.61,14.844865697069244,166594213.7777778,2663240595.602685
2021-08-09,14.831264305148473,16.6945,14.500912898473665,16.204292014449123,161292302.0,2697600162.4200444
2021-08-10,16.205291474304104,16.993218731541457,15.8281,16.44028639527135,220848126.1111111,2851074789.9345737
2021-08-11,16.46284494399829,17.5534,16.46284494399829,16.7941,186646608.94444445,2964303428.766477
2021-08-12,16.7373,17.546360098732748,15.5234,16.5437,192505875.5,2857917857.3206625
2021-08-13,16.5835,18.280213022938806,16.4274,18.092603991658684,180051039.05555555,3049413610.274908
2021-08-14,18.04014350429236,18.413899599733423,17.287687986171566,18.0416,175309489.44444445,3115215180.9027443
2021-08-15,18.0764,18.839,17.1986,18.839,151635819.3611111,3086290519.883978
2021-08-16,18.8066,21.04592353864665,18.569,19.1472,247459797.7979094,3408238609.361161
2021-08-17,19.1916,25.27997424224691,18.6356,23.3234,727994631.522807,3809805114.439197
2021-08-18,23.5231,30.7379,21.5515,29.7547,1506223405.7777777,4305991237.923072
2021-08-19,29.8494,33.6146117569894,28.914,30.6919,2286984456.4444447,5356330427.9724
2021-08-20,30.6873,39.07838289726538,30.1137,38.8336,1760401777.3333333,6118938372.362917
2021-08-21,38.8336,50.1276,37.94877471221402,44.267,2754158358.7456446,7841815015.463132
2021-08-22,44.267,44.9039,41.11678487973782,43.69098172895653,2610685287.470383,7444456369.202014
2021-08-23,43.69098172895653,52.56884387826687,43.69098172895653,46.3845,2532694171.205575,8362178955.1565
2021-08-24,46.496,58.1879,44.58366245632264,55.328,2498948433.7403507,8705268454.542044
2021-08-25,55.5294,57.1011,45.9761,45.9988,3501004182.3776226,8821312965.700699
2021-08-26,46.1566,48.2083,41.62135423966082,42.1299,2314215869.5298247,7710459883.325225
2021-08-27,41.3552,50.3844,40.4476,50.043,2426417110.076655,7985551052.225089
2021-08-28,50.0979,51.6638,46.31177890107175,50.2641,2127737997.971831,8448438807.601891
2021-08-29,50.221,52.4106,46.8641,47.5776,1702223437.2491229,8515490744.192623
2021-08-30,47.4537,48.14166363361731,41.2841,41.3548,1205212619.2280705,7839852859.699477
2021-08-31,41.4295,44.11891427368108,38.71540775216904,39.6894,1495611520.4475524,7306185079.453789
2021-09-01,39.5741,45.4865508168595,38.6824,42.3462,1667276893.986014,7494690816.11863
2021-09-02,42.1814,47.7548,41.3628,47.6457,1441148027.972028,7616369055.254459
2021-09-03,47.6968,50.8963,45.02036379589814,46.00907827793301,2413470319.8315787,8391049512.585492
2021-09-04,45.94920238581204,49.66659521062761,44.2608,47.23032669238453,1800628451.902439,8286530048.132756
2021-09-05,47.17707710266441,49.3943,45.6491,47.9495,1507936991.8885016,10322213732.321075
2021-09-06,48.1769,51.31326876915905,45.49262943247773,47.158,1864152297.3049643,10505221228.095528
2021-09-07,47.0801,47.1853,31.9995,37.8966,2013750418.2222223,9243594325.797577
2021-09-08,37.6687,39.3627,33.3098,36.7648,1928437472.8888888,8089032034.811871
2021-09-09,37.0051,44.41850997115733,36.41910105970964,40.6949,1888209159.555556,9104187255.666573
2021-09-10,40.8395,49.568,40.5155,49.4972,2599186866.3017545,10028583287.321377
2021-09-11,49.1982,58.7202,48.4631,58.0524,4390564010.369338,11456090551.729555
2021-09-12,57.0019,64.736,53.90577989376396,59.4196,4855427065.756098,13306771551.583273
2021-09-13,59.1837,60.52670455800421,48.83041955790347,53.20180564310691,4511818506.703833,11816772272.585896
2021-09-14,53.2012977604788,57.0548,49.3834,51.5717,3118181693.101045,11711463814.970984
2021-09-15,51.5814,58.1403,50.4254,57.1901,1838449881.1986065,11734202111.091349
2021-09-16,57.6629,68.1432,57.3397,67.6893,3398747023.163763,13720040578.609505
2021-09-17,67.5024,70.7763,60.8568,70.3796,4377841418.666667,14359998562.592564
2021-09-18,69.8425,75.1332,67.3621,68.5525,4307143066.313589,15665021535.555182
2021-09-19,68.8636,75.64974216447433,66.7361,69.9792,3261021968.0,15723199895.588957
2021-09-20,70.0905,70.0905,56.1091,57.3661,4056978581.853658,13813444189.355272
2021-09-21,56.707,65.9303621751515,53.432,58.9358,4638192192.0,13317387063.943748
2021-09-22,58.9693,74.30946590004604,58.0239,74.30051137239366,5227075169.777778,14390833171.064713
2021-09-23,74.08368484583748,79.47600477523673,73.1787,76.3094,5171393129.254355,16709954095.2054
2021-09-24,76.4642,78.2723,67.6795,72.4981,4065404846.259649,16057732558.012278
2021-09-25,72.4387,72.4387,67.64072622773968,68.80945379159758,3014475846.020906,15447188093.826384
2021-09-26,68.36054842962054,70.26672608856998,63.0287,66.9268,1986463051.0344827,14745253880.982544
2021-09-27,66.9339,72.4204,65.5183,66.60096077252379,2186946956.255319,15201015266.997662
2021-09-28,66.33561907532246,69.388295618616,61.5291,61.5291,1934047288.7326007,14512312449.454536
2021-09-29,61.5378,68.8959,61.5378,65.2348,1901313153.3473685,14168451308.34765
2021-09-30,65.4284,68.2818,64.45555823466447,66.50188925565462,2314689118.2222223,14522357526.648186
2021-10-01,66.72440013760271,69.44305072679035,63.66124588947302,67.42958578044917,1926974924.4444444,14682928924.562777
2021-10-02,67.6056109105016,73.2367,65.88292057412306,69.3389,2029730651.555556,15099366848.737911
2021-10-03,69.35859422279017,71.56485610954715,67.99227240563624,68.7235,2158277173.7777777,15385811016.581133
2021-10-04,68.612,68.6563,64.28608369022975,65.1023,1542311001.3333333,14652433515.424158
2021-10-05,65.3654,66.59741395167879,62.98944120929584,64.76005781382004,1407517108.8888888,14314013645.458733
2021-10-06,64.74160522226508,65.61828748080553,58.6650310881986,60.2592176271969,1406076359.5555556,13600360064.514069
2021-10-07,60.06480593187031,62.02040559045612,57.64157519364737,61.4564185189595,1578070006.6341465,13197346701.74254
2021-10-08,61.49529949598826,64.79513442155543,60.1373,60.1791,1473148272.4444444,13778009970.090324
2021-10-09,60.5369,61.98680839422662,60.01094273937742,60.6999726781702,956714364.8888888,13420241916.546658
2021-10-10,60.69627704460305,60.879729467130886,56.5345,56.6376,640880241.1111112,13104443523.961227
2021-10-11,56.5497,59.16601722752653,54.0564480477125,55.223075177797696,916362089.1590106,12519114828.21807
2021-10-12,55.25558615296847,55.25558615296847,51.2657,54.0959043318419,1131649863.0857143,11786029855.499428
2021-10-13,54.3851766951258,56.96010355129858,53.41110395454633,55.06,1256066457.690141,12140918629.684357
2021-10-14,55.1586,58.3098,55.0227,56.09792002862124,999849022.1908128,12452906256.89288
2021-10-15,56.085420134629054,57.1164087741809,54.770320907244994,56.276462137104936,919789593.8675958,12274633313.145374
2021-10-16,56.30621607706125,62.03,55.8728,57.614341595259496,1053283618.1333332,12817190331.33723
2021-10-17,57.550297047316654,58.444924483149386,54.19837677405759,56.25162384374574,1031035696.5124556,12597185665.822142
2021-10-18,56.05595599430865,56.40742904478471,54.449,55.4658,652888215.6083916,12202251761.467026
2021-10-19,55.5487,57.8735,55.2168,57.0322,560155833.6901408,12396197560.225632
2021-10-20,56.89,61.35527018802264,56.7743,59.66942835837045,722645389.5555556,12826780089.524292
2021-10-21,59.60641165918896,64.2695,58.95814999018943,61.24851069355849,1413902168.6666667,13506319579.159529
2021-10-22,61.3599764674507,68.6130851577024,61.3599764674507,65.4507607210792,1798273988.8888888,14368641793.505716
2021-10-23,65.48190421088071,68.89560601813345,64.73330181865708,65.488,1801095995.5555556,14558155555.70918
2021-10-24,65.4527,67.567,62.06022524938528,64.44404202862106,885757545.1111112,14356203366.217731
2021-10-25,64.54211936438654,69.72794780585686,64.54211936438654,69.67179690243185,864007869.3333334,14665418258.76078
2021-10-26,69.7795762341662,72.8532350338441,68.0438,69.1834,1406744738.6666667,15559066126.520882
2021-10-27,68.8385,69.3722,58.61398682932258,61.9703,1491967384.8888888,14185479142.859486
2021-10-28,61.6198,64.7054,61.6198,64.16235138424321,1128848855.1111112,13942784515.63761
2021-10-29,64.3226925997961,66.18684810093342,63.67895341378289,64.7593945490612,773827130.2222222,14298643822.455791
2021-10-30,64.8222420362732,64.8222420362732,61.14826285180616,62.33933235191154,513281368.1111111,13888959689.306702
2021-10-31,62.42887149363291,64.36965324880799,60.5277268750115,64.30482323012393,529214284.3333333,13815137074.06598
2021-11-01,64.29741046975404,66.3405,62.68538662885483,64.90321225912413,684309878.0,14150882696.784538
2021-11-02,65.05554640814097,68.12217571543528,64.41533309509965,67.69611054368342,741825674.9268292,14540802166.051168
2021-11-03,67.69111088850235,75.51919793110775,67.2376233198487,75.51919793110775,1218221872.6666667,15808409587.899311
2021-11-04,75.57156181154642,81.0651923915149,74.41552058238454,79.61599597365237,2046183782.6666667,17092879818.608572
2021-11-05,79.21044078883945,80.97039400052441,72.95156095104444,74.34556165967834,1295774843.7777777,16888812995.029127
2021-11-06,74.26287083953895,78.50683350218293,72.5684,78.17061661500952,727908376.6666666,16592478874.729012
2021-11-07,78.66330813134651,88.75490241424497,78.35486205961016,87.98976337652005,1609199994.2222223,18625273972.06468
2021-11-08,87.71912319276564,96.64327333404106,83.90072635129974,91.2406343381828,2851810103.496504,20197197612.72534
2021-11-09,91.26174701134396,91.4265660561609,87.21031866903846,88.4568,2018680035.456446,19660222271.37632
2021-11-10,88.29869059955504,94.0333,79.9364,85.34333081062412,1492854953.7777777,19851280435.10884
2021-11-11,85.46253954957258,89.29761796757715,84.04921486292199,88.00013951858257,1637359157.5555556,19303985488.452816
2021-11-12,87.9537817914144,89.74997815101058,81.66212332414997,84.98458042794493,927440257.3333334,18809610185.44752
2021-11-13,84.89269064164226,98.3191744431701,84.89269064164226,97.53648780627636,1046241640.585366,19860856654.669384
2021-11-14,97.2468,99.7301,91.9095,95.38879726963904,1977154761.5888505,21033504726.987946
2021-11-15,95.43592334578808,101.45563225783803,92.819,93.87152291611864,1860895182.3216784,21391933830.06599
2021-11-16,93.8478,101.7225841320148,84.779,98.9277,2215733355.111111,20245554200.489525
2021-11-17,98.1244574644182,109.93024077666186,92.1738,107.8946,3394639399.111111,22206041553.43457
2021-11-18,107.8491,110.10611414743028,93.2328,98.5889,3264920242.6666665,22619941824.35709
2021-11-19,100.20172377286468,111.91578580881664,96.1802,111.91578580881664,2831911289.7777777,23247512769.560543
2021-11-20,112.174865884244,129.6635,112.174865884244,125.82769982416424,2702831584.888889,26511831153.293022
2021-11-21,125.88513298920545,146.17592919191333,123.96976072779806,128.69198616508427,4316898555.555555,29480930635.7414
2021-11-22,129.01771539153492,144.93508225064497,126.6191,134.6268,5199124390.489511,30171826989.238438
2021-11-23,134.79036192890257,136.46059790175363,122.27203257190442,123.47492271100944,3673658264.888889,29093893807.116493
2021-11-24,124.0069651466327,124.523,113.04810319774872,115.3249,2584183121.7777777,26558875675.164104
2021-11-25,115.3299,129.9533,114.6576,119.12587295393196,3120692035.555556,27533540065.75073
2021-11-26,119.19827623388532,119.61889648840032,102.10957826617523,104.43599037662392,2535144756.4444447,24840651627.17788
2021-11-27,103.97814207961969,117.89518263927596,103.65726570926232,113.04433051391456,1932561549.3333333,24603233442.47522
2021-11-28,113.20189081134308,113.76168020611723,101.872510533006,110.78618030564,1833044367.1111112,24154052855.941704
2021-11-29,110.64566910118792,119.41409217253468,109.5047,119.41409217253468,1867571388.0,25372061267.87963
2021-11-30,120.36001335393608,124.5515,114.6496,120.99481504204498,2059077099.1111112,26797135740.089542
2021-12-01,120.55465860420703,127.1571,117.78885226303674,119.4594,2356584189.7777777,27722468091.50474
2021-12-02,119.6444,119.6444,107.72820051507183,107.72820051507183,1616812033.3333333,25866327730.54458
2021-12-03,107.9588942139596,112.83408635834024,101.23345183586056,108.4652,1683296965.7777777,24177221625.78132
2021-12-04,108.1569,108.1569,80.3715,92.20640530038068,2766777445.7777777,22723158785.29076
2021-12-05,93.01858329768386,94.78196018788938,82.9449,86.1088,2043823000.4444444,21517558251.387478
2021-12-06,86.0947,94.70083759248732,77.6813,93.044522933521,1980739595.555556,20713556974.72131
2021-12-07,93.3596671278656,96.48115116768524,88.4622,89.63390601243172,2232331838.6666665,22667417665.7843
2021-12-08,89.7185409901201,93.06744872994716,87.01606829984738,93.00997948646628,1234225988.6666667,21915731110.19316
2021-12-09,93.24023604059184,94.53279069064943,83.65150349890573,86.46817058364826,1118768916.8888888,21730338081.141342
2021-12-10,85.61557890152292,91.68300144866068,81.2258,81.2258,1384510871.1916375,21104373287.06619
2021-12-11,80.7529,86.87902349970972,79.5691,86.35776246221134,1349775837.7777777,20229867452.07313
2021-12-12,86.33957353652916,88.65618156867934,83.25640512845945,88.39738191854474,856001538.8888888,20842159719.71953
2021-12-13,88.11728403896068,89.85926888707212,76.0136,79.2224,1196847248.508834,20302628884.544983
2021-12-14,79.1672,87.25084216215689,76.7387,86.99837358154831,1481218703.609756,19537002230.71095
2021-12-15,87.23673226902399,104.47507518015794,86.6336,101.1754,2423289640.888889,22565443166.46446
2021-12-16,101.112,109.31196971707556,98.4793,98.7008,4340329412.444445,25393778431.02312
2021-12-17,98.5001,115.36016239272324,98.4376,111.8073722653481,3588826502.2222223,25935412804.74432
2021-12-18,110.99126192860342,117.2234,105.9011,115.86937194608004,3809676492.619718,27437120958.78428
2021-12-19,116.21822246905974,116.51716994012756,107.0072,107.874,1887906205.090909,27164055350.216053
2021-12-20,107.72936400802006,115.86066453729602,101.39635213769024,113.62984894456253,2043837264.8888888,25971293116.12922
2021-12-21,113.42201907204571,123.7418349589426,110.80795857232442,123.3407,3276550806.2222223,28553458900.587887
2021-12-22,123.2756,126.90974666403125,116.498675487844,116.51180654518274,2465178005.333333,29816143121.04885
2021-12-23,116.4896,124.8328509684855,116.47670986945852,121.5776885537332,1976888125.3333333,29350822268.52849
2021-12-24,121.3767270858264,124.40344467252076,114.0614,114.766,1613339349.7777777,29390879961.31313
2021-12-25,114.7461,116.74693657269036,112.4148,115.51278135090747,1574676132.8888888,27998266472.59643
2021-12-26,115.09267924998986,117.898635269286,110.0274,115.50238925325796,1268753290.6666667,27645961293.65213
2021-12-27,115.23377431846156,120.7598,113.57780910521592,113.57780910521592,1367059624.0,28407958494.731377
2021-12-28,113.7270599315805,116.5479,104.82606132792026,107.2779,1858546425.7777777,27133068691.016464
2021-12-29,107.0365,110.50542317435152,102.844961592955,103.10898366863069,1846106472.0,26035807701.53316
2021-12-30,103.0761446104099,105.28269477476178,98.58096863594965,101.8438,1584184476.0,24947651535.40661
2021-12-31,101.7964,110.90105516364004,100.43488809049566,109.41456148257936,1390811093.7777777,25661750004.7109
2022-01-01,109.3674020884166,114.03686800568654,108.70247975306216,113.7472,1658124371.5555556,26990581357.5084
2022-01-02,114.3938,117.3199,112.1962,113.1136,1210395313.7777777,28015129728.63456
2022-01-03,113.1229,113.64438997456998,106.3878388873155,108.1995,1090686993.5555556,27043262220.981422
2022-01-04,108.1009,109.0668,103.15478012426786,103.15478012426786,1300005804.0,25918154010.46516
2022-01-05,103.28634102780164,106.4451,90.8247,97.9581,1240076641.3333333,25231879808.86224
2022-01-06,97.3561,97.67662585684376,91.1604637137022,95.20307242612182,1763015476.4444444,23059352252.52041
2022-01-07,95.19650014423524,95.19650014423524,85.47384382763003,86.3924,1450737124.0,21797088775.47076
2022-01-08,86.7566,89.44263883796273,79.4495,84.16198831097002,1298065250.2222223,20905367868.30817
2022-01-09,83.89100894369628,91.64294483108912,82.86113105500351,89.2842045257582,1412463178.2222223,21090530720.543617
2022-01-10,89.29924792924506,90.87229487650936,80.87939726487488,84.3549,1537747898.6666667,21102084277.93801
2022-01-11,84.4751,90.78004372446448,83.2693605116518,89.3784,1410975282.3972125,21232207650.21864
2022-01-12,89.5357,96.52228330759722,88.942,95.8575,1156957023.7777777,22711012155.81732
2022-01-13,95.9807,96.9965742844321,89.6637,89.6769,1163555988.4444444,22873819883.93461
2022-01-14,89.4919,91.5604741950745,87.44484117547421,90.2607127524298,1024667165.5555556,21967410508.0973
2022-01-15,90.37017176354726,94.21013033195048,89.82762189462044,93.32491465969254,746754958.2222222,22370540373.59639
2022-01-16,93.20041384209074,94.8743,91.9385612800588,92.2784537488143,717146432.2222222,22751126608.58755
2022-01-17,92.25796961424146,92.43010688657137,85.62730541309463,86.69737576212911,728318586.4444444,21693339246.518448
2022-01-18,86.69628124175422,87.3438,83.92055592067254,85.9231,778758861.1111112,20933709143.950974
2022-01-19,86.0771,86.33404088472953,81.3335,82.73492829747914,751917541.6864111,20540613389.68476
2022-01-20,82.73966688914915,87.66507571075132,79.23744874829406,79.23744874829406,648967805.7777778,20656692472.392105
2022-01-21,79.32442724744904,80.2419793421956,64.3937,65.5376,1242522280.0,18123397755.918056
2022-01-22,66.1375,67.3256,54.0911,59.69891999195738,1980686592.0,14919900471.86016
2022-01-23,59.75972988185701,66.66311484486839,59.16805468483216,64.5577,1767586785.3333333,15322037774.776403
2022-01-24,64.8232,64.8232,55.5038,62.9583,1413524173.7777777,14724175028.77244
2022-01-25,62.945,70.2543,61.7879,68.04969879073676,1480737668.0139372,15877655577.72071
2022-01-26,67.96428157778755,72.7675,64.5518363054287,65.82966662218836,1426188284.4444444,16752408794.296177
2022-01-27,65.81201684120225,67.55629882502063,61.3919,64.73069362778342,1541680566.6666667,15731980868.79088
2022-01-28,64.50395125334518,67.2036,61.95339156583138,67.057,1719667092.2222223,15868438275.087914
2022-01-29,67.0977,73.3946,66.9595,72.1575,2173839108.0,17075666669.071327
2022-01-30,72.1067087194076,72.20198394461939,67.09629988192869,67.9935,2251202267.111111,17143158529.547024
2022-01-31,67.9797,70.5586,64.3528,69.88210266290659,1360284643.1111112,16466996560.060686
2022-02-01,69.90123615558619,73.6854,68.7515070952235,73.5679,1052578131.7777778,17310871318.288742
2022-02-02,73.3003,74.4273,67.512,67.512,1156193651.7777777,17666595436.173477
2022-02-03,67.7936,68.8745,65.3151456616766,67.8653,1250408380.2222223,16483661289.95802
2022-02-04,68.2888,77.50111241793425,67.60001441765594,77.50111241793425,1167203954.8888888,17636622577.09995
2022-02-05,77.79693138414207,80.78442353344029,75.58779772382063,77.2399,1445337790.6666667,19142522914.61305
2022-02-06,77.2897,78.9316,74.7136,78.48668556024214,823545291.3333334,18914573460.177067
2022-02-07,79.03186794154652,85.0198,77.55635179036523,83.56107285394242,1021925547.3333334,20196106973.17936
2022-02-08,83.20006872915789,92.1427811163364,82.44772535495383,86.54476795851289,2364489509.7777777,21175498007.378872
2022-02-09,86.28742697288178,91.8651112966651,84.80976727045245,90.1784,2199161994.2222223,21803353316.513203
2022-02-10,90.0961,95.0021,85.35735873183485,91.03863606826862,1514238856.8888888,22144367999.15196
2022-02-11,91.0772584042454,92.3148,80.2375,81.6642,1975640964.8888888,21655533312.32173
2022-02-12,81.7718,84.7297,79.1034,80.9895,1652506988.8888888,20093689694.201
2022-02-13,81.1765,83.25027797008521,77.66678657756285,78.3724,1123567492.0,19905249475.87218
2022-02-14,77.937,82.49949335842108,76.32995720858966,82.0677241291162,1002002003.0877192,19453236595.213043
2022-02-15,82.05532661908519,93.37062718622424,81.52224360913986,92.8464,1457637649.3333333,21410579829.523697
2022-02-16,92.8468,97.007,91.91645866678633,95.4348,2129337701.6864111,23128716643.21885
2022-02-17,95.2458,98.5516,86.77515411440575,87.992,2605720192.888889,22673726042.464485
2022-02-18,88.3156,89.9292,83.03742906908968,83.69224123419642,2097552999.4703832,21285563264.705303
2022-02-19,83.7470905105072,86.22596529550209,81.12442730663757,85.15644016276615,1498385097.7777777,20640535894.450974
2022-02-20,85.11952387743467,85.50356863730686,76.63531579797474,77.357005235516,1369117233.3333333,19690242150.695293
2022-02-21,77.16865213709049,82.5097,69.81466203181316,69.81466203181316,1824126936.0,19128042661.00417
2022-02-22,70.1052598559655,74.5999,67.43832374349742,74.5999,2308724564.0,17478794648.89682
2022-02-23,74.5474,82.2935,73.72633523111699,73.72633523111699,2072572915.555556,19107525549.739468
2022-02-24,73.40271415952124,79.6125,64.79106656247211,76.37527424255711,3189809029.333333,17276072619.77249
2022-02-25,76.56952735989046,81.78506782350827,72.87312855054248,80.80250059931058,3223299492.4444447,18839856514.80925
2022-02-26,80.95073871643726,84.86074804185802,78.3643,81.6149,2067887132.4444444,19906701317.67621
2022-02-27,81.7197,82.2035320412536,73.410953476183,74.98113262120599,1810104606.2222223,19314937951.75919
2022-02-28,74.97822575931055,85.30676520339476,72.39923350073738,84.4112,2075701769.3333333,18960200671.926662
2022-03-01,84.5551,90.4557,84.4449,86.7279,2816441721.7777777,21374853853.203312
2022-03-02,86.8141,89.73468050715374,82.68348743249125,83.28319987410502,2145272414.6666667,20997938035.176773
2022-03-03,83.350969223404,84.23310083721991,77.5472,78.5963668425433,1633585925.3519163,19936169741.261963
2022-03-04,78.55845439993229,81.8416,75.06745284809084,75.7070497290927,1987687959.3543856,20766851707.0994
2022-03-05,75.70300306099246,78.59531913500844,73.64329630438522,76.90387174606437,1799538209.9498208,20284546169.46328
2022-03-06,76.7483,77.0065,72.4434,72.59773800112156,991329486.2222222,19960843822.987846
2022-03-07,72.42873291227673,76.11317620461728,70.58721061090057,71.93458680807291,1177948728.4444444,19388119741.266197
2022-03-08,71.76150069221647,75.9377,71.5,72.86370735172468,1493833968.8888888,19357887676.978638
2022-03-09,73.03489090779463,80.36188563170712,72.5125,77.61310782924241,1981847188.4444444,20637430394.24184
2022-03-10,77.66893510784723,78.71852536890343,71.9486633587496,74.05572318242996,1514075753.7777777,19635370991.170822
2022-03-11,74.00610122134277,76.82652124187267,70.85898072980649,71.1090563582181,1567585735.1111112,19662310101.353622
2022-03-12,71.14200196252676,73.50027865508378,70.97994331800037,70.97994331800037,1116343922.6666667,19201108118.44205
2022-03-13,70.94897270109999,71.92123092043573,67.42568819863901,68.02351199075588,623415649.1111112,18842540547.29913
2022-03-14,67.99019317490182,71.4106,65.6002,68.77707693998045,1141686579.3333333,18126938916.656395
2022-03-15,68.96658311628784,71.82334332646724,66.15243493396254,69.82514127377945,1347784173.3333333,18250856795.640625
2022-03-16,69.83969127300733,74.36993569964766,68.12472371743615,74.17709524179647,1220880272.0,18874223717.596382
2022-03-17,74.10735534983189,81.6374480505004,73.25992475969956,79.86429744825108,1742206296.8888888,20840156626.24206
2022-03-18,79.39469464297672,86.5504,76.61358021040488,85.86647698207253,2084675178.6666667,21652376248.844254
2022-03-19,85.6802965498578,92.14782401491406,85.6802965498578,89.72168599350158,2264200850.2222223,23638680581.7191
2022-03-20,89.62512407625726,89.97850020645612,84.67995411774994,84.67995411774994,1790032345.7777777,23342616578.43337
2022-03-21,84.70527825550614,92.0069954821813,83.43005818410217,86.59774494229211,2138397786.6666667,23318057624.603928
2022-03-22,86.26104915351144,89.66846017618519,83.903,83.92863263246275,2442341059.111111,23277822475.55699
2022-03-23,84.02830044331036,86.89858196714292,82.52926569241721,86.21157846172608,1857670258.174216,22657839696.770523
2022-03-24,86.14454377104703,88.18203206004912,83.90183816995737,87.38167270679834,1873426340.8888888,22992294322.48258
2022-03-25,87.59084564859825,87.59084564859825,82.83749896708815,83.80458365846837,1744007043.5555556,22847369984.16701
2022-03-26,83.62108761047082,86.639,82.5960603899089,86.04163020003647,1320973065.5555556,22707231703.397297
2022-03-27,85.98932902531185,89.57019769677319,84.55908472676006,89.57019769677319,946040674.6666666,23031779191.582134
2022-03-28,89.92671725897259,95.9454,88.66806608389753,88.91990392823556,1875170288.0,24581489533.0181
2022-03-29,89.47874347085015,95.9133,89.47874347085015,92.87768153469094,2640559150.2222223,24934709065.08694
2022-03-30,92.747569058158,100.14117464178034,89.68056432114943,96.1188944752601,2263014213.333333,25114173128.73549
2022-03-31,95.56455645241148,101.6515,94.08351909516423,96.74633867462244,3391923738.759582,26209406741.08255
2022-04-01,97.37428910939914,99.75778231356706,90.74343292601726,96.70916843958122,2994718627.233449,25497687408.048004
2022-04-02,96.717,103.54230661341764,96.32817582460812,96.388109949816,2423899802.6666665,26556633482.409637
2022-04-03,96.06524037906024,99.9989,95.08172886682009,97.7418549875603,2194341747.111111,26130145244.263195
2022-04-04,98.08318357743664,98.08318357743664,91.07106434779476,95.2669748773337,1818104066.2222223,25503246516.411697
2022-04-05,95.91836188789507,97.54176555302448,91.01725267577989,91.04683801742382,1761576820.8888888,25397205123.138256
2022-04-06,90.95571727586656,90.95571727586656,82.81598785871758,82.81598785871758,1939817257.031359,23451047151.302326
2022-04-07,82.89930740508919,88.3667,81.56398058638509,87.90730106335174,2132585621.3333333,22764258651.18996
2022-04-08,87.71315233064274,90.1982684088061,82.8074,83.6668,2109946578.0627177,23463906460.06066
2022-04-09,83.6475,85.49581794097975,82.386,84.53434573330266,1620065107.7777777,22437724880.408665
2022-04-10,84.59899545763939,84.59899545763939,84.59899545763939,84.59899545763939,932283840.0,22674281135.863377
2022-04-11,81.0731,81.3816,72.9651,74.06045371307196,1371754603.2740214,20714401349.723763
2022-04-12,74.28582532580259,79.2884,74.12795697403014,76.52844633233885,1591880874.1265824,20514076185.250965
2022-04-13,76.3148225820314,80.60896456687404,75.9974,79.8437,1297004214.1538465,20960473468.838078
2022-04-14,80.069,81.7156280728611,76.33915102019213,76.73345122682139,1276998136.029304,21220282158.63821
2022-04-15,76.81081326177846,78.48402629732703,74.991,77.3439,1019309144.2222222,20746978674.17988
2022-04-16,77.4355,78.1533,76.55234220201682,77.8148,657926657.5555556,20730110909.886505
2022-04-17,77.7658,78.6047,75.302,75.6096,467961114.5555556,20825240191.983387
